true_smiles,name,pred_smiles_1,pred_smiles_2,pred_smiles_3,pred_smiles_4,pred_smiles_5,pred_smiles_6,pred_smiles_7,pred_smiles_8,pred_smiles_9,pred_smiles_10,pred_smiles_11,pred_smiles_12,pred_smiles_13,pred_smiles_14,pred_smiles_15,pred_smiles_16,pred_smiles_17,pred_smiles_18,pred_smiles_19,pred_smiles_20,pred_smiles_21,pred_smiles_22,pred_smiles_23,pred_smiles_24,pred_smiles_25,pred_smiles_26,pred_smiles_27,pred_smiles_28,pred_smiles_29,pred_smiles_30,pred_smiles_31,pred_smiles_32,pred_smiles_33,pred_smiles_34,pred_smiles_35,pred_smiles_36,pred_smiles_37,pred_smiles_38,pred_smiles_39,pred_smiles_40,pred_smiles_41,pred_smiles_42,pred_smiles_43,pred_smiles_44,pred_smiles_45,pred_smiles_46,pred_smiles_47,pred_smiles_48,pred_smiles_49,pred_smiles_50,pred_smiles_51,pred_smiles_52,pred_smiles_53,pred_smiles_54,pred_smiles_55,pred_smiles_56,pred_smiles_57,pred_smiles_58
C(C(=O)O)NC(=O)CN1C2C(NC(=O)N2)NC1=O,MassSpecGymID0374577,NC(=O)c1nc(C(N)=O)c(N(CO)CO)nc1O,NOOCC(=O)c1nc(C(N)=O)c(N)[nH]c1=O,NCOCC(=O)c1nc(C(N)=O)c(N)[nH]c1=O,NC(=O)c1[nH]c(=O)c(C(N)=O)nc1N,NC(=O)c1cnc(C(N)=O)c(=O)[nH]1,NC(=O)c1ncc(CON=O)[nH]c1=O,NC(=O)c1nc(CN2OCCC2=O)oc1N,NC(=O)c1nc2c([nH]c1=O)OCCOCON2,NC(=O)c1c[nH]c(=O)c(C(=O)O)n1,NCCOOC(=O)c1nc(C(N)=O)c[nH]c1=O,NC(=O)c1cnc(C(N)=O)c(=O)o1,CN(C(=O)OCC=O)c1nc(C(N)=O)c(N)o1,NOCC(=O)c1oc(N)c(C(N)=O)c1C(N)=O,NC(=O)c1ncnc(C(N)=O)c1O,NC(=O)c1nc(C(N)=O)c2nc1COCNOO2,NNc1cnooc(=O)c(C(N)=O)nc(=O)c1,NC(=O)C1=NC(=O)C(=O)NC1=O,NC(=O)C1N=C(CON=O)NC1=O,NC(=O)c1ccno1,Nc1co[nH]c1=O,CC(=O)CON,NOC(N)=O,NC(N)=O,CC(=O)C1NC(NO)=C(C(=O)O)N=C1N,NC1=CC(=O)N1,CC(=O)OC(N)=O,CC(N)=O,N=C(O)c1co[nH]c1=O,NC1CCOC1=O,C=C=C(N)OC=O,CC(=O)C[NH],N=C(O)C1=NC=C(O)NC(=O)NC1=O,C[C](N)N,O=CCCNNNc1ccc([O-])o1,NC=O,CN,C1=COC=CO1,CC=O,,,,,,,,,,,,,,,,,,,,
CC1C(NC(=O)C(NC(=O)C(C(NC(=O)C(NC(=O)C(NC(=O)C(=C)N(C(=O)CCC(NC1=O)C(=O)O)C)C)CC(C)C)C(=O)O)C)CC2=CC=CC=C2)/C=C/C(=C/C(C)C(CC3=CC=CC=C3)OC)/C,MassSpecGymID0075191,C=C1C(=O)NC(Cc2ccc(O)cc2)C(=O)NC(C(=O)[O-])C(CC(C)C)N1C,C=C1N[C@H]2CCC(=O)N[C@H](C(=O)O)[C@H](CCC(=O)C(C(CC)C(Cc3ccccc3)OC)[C@@H](OC)NC(=O)CCC(C)OCN3C1=CC1=CN(OC)NC13)N(C)C(=O)CC[C@@H]2Cc1ccc(O)cc1,C=C1NC(=O)[C@H](CC(C)C)N(C)C(=O)C[C@@H](Cc2ccccc2)ON[C@@H](OC)[C@H]1C=C/C1=C/C(=O)[C@H](Cc2ccc(O)cc2)N(C)C(=O)CC[C@H](C)NC(=O)NC[C@@H]([C@@H]2CC[C@H](C(=O)O)N2)OC=C1O,C=C1C2=C(OC)NC(C(=O)[O-])CC(=O)C(C)[C@@H](CC(C)C)NC(=O)[C@H](Cc3ccccc3)NC(=O)N(C)CC(Cc3ccc(O)cc3)NC(O)[C@@H](C)CC(=O)N12,CNC1NCC(=O)N(Cc2ccc(O)cc2)CC(=O)N(C)C(C(=O)O)C(Cc2ccccc2)NC(=O)CCC(C(=O)O)NC(=O)[C@H](C)C1CCCC(Cc1ccccc1)OC,C=C(OC)[C]1CCC(=O)NC(C(=O)O)CCC(OC)N[C@@H](C(=O)O)CC(=O)N(C)[C@H](Cc2ccccc2)C(=O)[C@H](CC(C)C)NC(=O)N(C)[C@H](C)C(=C)N1,C=C1C(=O)[C@H](Cc2ccc(O)cc2)N1C(C)=C/C=C\[C@@H]1CC[C@@H]2[C@H]([C@@H](OC)[C@@H](OC)[C@H](Cc3ccc(O)cc3)C(=O)O)NC(=O)N[C@@H]3[C@@H](C)[C@H](CC(C)C)NC(=O)[C@H]3NC(=O)N(C)[C@H]2CCC(=O)N1C,C=C1C(=O)N(C)C(CC(C)C)C(Cc2ccc(O)cc2)C(=O)CCC2C(C=C[NH+](C)C(=O)C(C)C(OC)c3ccccc3)NON12,C=C1NC(O)ONC(C(=O)[O-])CCC(CC(OC)C(Cc2ccccc2)OC)ONC(CC(C)C)NC(=O)N1C,C=C1C2=CC(=O)N(C)C(=CC(=O)OCC(C(=O)O)CCC(=O)N1C)C(C)C(C(C)C)NC(Cc1ccccc1)N2,C=C1C(C)=C(OC)C(CC)N[C@@H](Cc2ccc(O)cc2)C(=O)N[C@@H](C(=O)O)CCN(C)C(=O)C[C@H]2CCC(=O)NC=CC(=C)[C@@H](CC[C@H](C(=O)O)NC(=O)N[C@H]1C)C(Cc1ccccc1)N2OC,C=CC1NC(C(=O)OC)CCC(=O)ONC(CC(OC)OC)CCC(=O)N(C)C(=C)C=C2C(=O)C=C2NC(C(O)C(Cc2ccccc2)OC)N1C,C=C1OC[C@@H](C(=O)O)CCC(NC(=O)C(OC=O)C(C)C)CC[C@H](c2ccccc2)N(C)C(=C)C=C(C(OC)=C(C)OC)NC(=O)NC(C)C(=O)NC(Cc2ccc(C)cc2)CCC(=O)N1C,C=C1C(=O)N(C)CC(=O)N[C@@H](Cc2ccccc2)CCC(=C2C=C(CC)[C@H]([C@H](OC)C(=O)N3C(=O)CC[C@H]3C(=O)O)N(C)C(=O)N[C@@H](Cc3ccc(O)cc3)N2COC)CCC(=O)N1C,COC(/C=C1/NC(Cc2ccccc2)NC(=O)N1C)CC(OC)C(Cc1ccc(C)cc1)C1ONONC1C(=O)O,C=C1NC(Cc2ccccc2)CCC(=CNC(OC)C(CC(C)C)C(O)Cc2ccc([O-])cc2)NC(=O)N1C,C=C1C=C2C=C(C=C(CC)C(=O)N[C@@H](C(C)C)C(=O)N[C@H](N)CCC(=O)[C@@H](Cc3ccc(O)cc3)[C@@H](Cc3ccccc3)N(C)C(=O)CN(C)[C@@H](C(=O)O)N2)[C@@H](C)CCC(=O)ONOC[C@H](OC)C1C,CC[C@H]1NC(=O)C=C1C=CC(C)C(Cc1ccccc1)OC,C=C1C=C2C=C(CC(C)C)C=C2N(CO)N1c1ccc(CC(OC)C(OC)C(=O)N2C(=O)CC[C@H]2C(=O)O)cc1,C=C1OC(=CC(C)C)N(C)C(=O)COC(=CC(C)C)C2NC2(O)CCC(C(=O)O)NC(=O)NC(Cc2ccccc2)C(O)N1C,C=CC=C1CCC(=O)N[C@H](C(=O)O)C(=C[O-])N[C@@H](CC(C)C)N([O-])CC(=O)N2CC[C@H](N[C@H]2Cc2ccc(O)cc2)C(O)=CC(=C)N([O-])CCC(C)CCC(O)=N1,C=C1C=C2C(NNC(C(=O)O)CCC2c2ccccc2)NC(Cc2ccccc2)C(C)C(C)C(=O)NCC(=O)N(CC(=O)O)CC(=O)N1C,C=C1C2=CC(=O)N(C)[C@@H](CCc3ccccc3)C(=O)ONC(NC(=O)N(C)C(Cc3ccccc3)C=C(O)N1OC)[C@@H](C)CC(C)C(=O)CC[C@H](C)[C@@H](Cc1ccc(O)cc1)N2,C=C1C=C2C=C(NCCC(=O)N2C(C(C)C=CC2NC(=O)N(OC)C(C)C(Cc3ccccc3)C(Cc3ccc(O)cc3)CCC(C)OC(=O)N(CC(C)C)C(C)N2)C(C(=O)O)C(NC)C(=O)O)O1,COC1N(C)C(=O)CCC2C(C(=O)[CH+]CC(C)Cc3ccc(O)cc3)N21,C=C1C=C2C=C(NC[C@H](C(=O)O)NC(=O)CC[C@H](C(=O)O)NC[C@H](C)CCC(=O)N1C)C2=O,C=C1NC(c2ccc(O)cc2)NC(C(=O)OC)C(C(=O)OC)C(=O)C(C(C)=Cc2ccccc2)N([O-])N1C,COC(=O)C1C(=O)C=C2[C@H](CCC(=O)NC(C(=O)[O-])CCC(=O)N(C)[C@@H](C(=O)O)N2C)N1C,COC(C=C(C=O)Cc1ccccc1)C([O-])=C1C(=O)NC(=O)CN1C,C=C1N[C@H]2CCC(=O)C[C@H](C(=O)O)N(CCC(=O)C(CC(=O)OC[C+](C)O)C(=O)C(Cc3ccccn3)[N-]CC[C@@H]2OC)N1CCCCC1=CN2OC(CCCCc3ccc(O)cc3)NCC(CN2C)C1=O,COC1=Cn2oc(=O)cc2CC(Cc2ccc(O)cc2)C1C,C=CC(Cc1ccc(O)cc1)OC,CN1CCC(=O)N2[C@@H](c3ccc(O)cc3)CC[C@H]2C(Cc2ccc(O)cc2)N(C)C1=O,CON([O-])C=Cc1cc(=O)[nH]n1[C@H]1CO[C@@H](Cc2ccccc2)N1C,C=CC(C)CC(OC)C(Cc1ccccc1)c1ccccc1,C=C[C@H](Cc1ccccc1)OC,C=C1OC=C(CCC(=O)NCCCNC(=O)CCC(=O)NCCC(=O)ONCC#CO)N[C@@H]([N-]C=CCC)[C@H](C)COCNCC[C@@H](CC(C)C)c2ccccccccccc(CO)c(c2)O1,CC(O)Cc1ccccc1,NC1OC2CNC(c3ccccc3)CC(=O)N2C1C(=O)[O-],CO[C@@H](Cc1cn([O-])c[o+]1)[C@@H](C)O,C=C[C@@H]1CC[C@H](C(=O)O)O1,CC1=C2C(=CCC[NH+]([O-])C=C3CCC(=O)NN3C)C(=O)C=C12,Cc1ccc(O)cc1,C=CCCC[C@@H](CC)NO,C=[NH+]C(=O)NC,c1ccccc1,,,,,,,,,,,,
CCCCCCCC(=O)C(C)C(=O)N(C)[C@H](CC1=CC=C(C=C1)OC)C(=O)N(C)[C@@H](C(C)C)C(=O)N,MassSpecGymID0395776,CCCCCC[C@@H](C)N(CCC(=O)NCCC[C@H]1CC2=C(O1)C(C)=C(C)[C@H](O)NC(=O)C=C2)C(C)=O,CCCCCCC(C)N(CCNC(=O)CCCC1OC1C(C)C)[C@H]1CC(=O)OC2=CC(=O)C(C)=C2N1,CCCCCC(C(C)C)N(CC(=O)NC(C)CCCC)C(=O)C1Nc2cc(O)c(C)c(C)c2C(=O)O1,CCCCCCN(C(=O)NCCCCC)C(C)(C)C(NC)C(=O)c1c(C)c(C)c(C)c2oc(=O)oc12,CCCCCCCCCCCC(=O)N(CCCC)OC(C)(C)c1cc(=O)c2[nH]c(O)c(C)c2c(=O)[nH]1,CCCCCC(CCN(CC=C1Oc2[nH]c1c(C)c2C)C(=O)OC(C)(C)C(C)C)N1OC(=O)C[C@@H]1C,CCCCCCC(C)N(CCCNC(=O)C1NC(=O)CC1O)C(C)CCCC,CCCCCCCC(CCNC1NC(=O)c2cc(O)c(C)c(C)c2O1)NC(=O)CC,CCCCCCCC(C)N(CCNC(=O)O)C(C)CCCCC,CCCCCCCC(NCCNC(=O)C[C@H]1CNC(=O)O1)C(C)C,CCCCCCCCCC(C)N(C(=O)CCCCNc1ccc2oc(C)cc2c1)C1Nc2oc(C)c(C)c2OC1O,CCCCCCCCCCCCCN(CCC(=O)NCC1NC(=O)O1)C1=CC(=O)C(C)=C(C)C1=O,CCCCCCCC(C(C)C)N(CCNC1CC2=CC(=O)C(C)=C2O1)C(=O)CNC1CC(=O)O1,CCCCCCC(=O)c1[nH]c2c(=O)cc(C(=O)NCCN(C(=O)CCCCC)[C@H](C)C(C)C)oc2c1C,CCCCCCC[NH+](CCNC(=O)CCCCCC)C1CC(=O)N1,CCCCCCC(C)N(CCNC(=O)CC1NC1OO)C(C)C(C)C,CCCCCC(C)N(C(=O)CC)C(=O)CC1Nc2cc(O)c(C)c(C)c2O1,CCCCCCCNC(=O)CCNC(=O)CCC(C)C,CCCCCC(CC1CC1)C(=O)NCCN(CC1NC(=O)c2oc(O)c(C)c2O1)C(CC)CCC,CCCCCCCN(C1CC(=O)CC(O)O1)C(C(=O)CCCCCC)C1NC1NC1=CC(=O)C(C)=C1C,CCCCCCCCCN(CC(C)C)C(=O)C[C@@H]1CC(=O)[C@H](O)N1,CCCCCCC(=O)N(CCNC(=O)CC(C)C)C(=O)CC(C)C,CCCCCCCC(NC(=O)NC(C)CCCC)C1c2oc(=O)oc2C(C)=C(C)C(C)=CNC1O,CCCCCNCC(=O)N(CCC(C)C)C(C)N(C(C)=O)C(O)c1cc2cc(c1C)CCC(O)O2,C#CCCCCC(C)N(CCNC(=O)O)C(C)CCCCC,CCCCCCC(C)N(CCC)C(=O)CCNC(C)C,CCCCCC[C@H](C)N(C)C(=O)CCNC(=O)CC[NH+](C)C,CCCCCC(C)N(C(=O)CCN1C(O)C1Oc1cc(O)c(C)c(C)c1C(N)O)C1C[C]1CCCC,CCCCCCC(C)N(C=O)CCNC(=O)C(C)CC(C)C,CCCCCCCCCCN(C(=O)CCC(C)C1(O)OC2=C(C)NC2O1)C1NC2C(=CC(C)C2C)C1O,CCCCCCCCCCC(=O)NCCC(=O)N([14CH3])CCCC,CCCCCCC(=O)N(CC)[C@@H](C)CCCCC,CCCCCCC(C)NCCCNNC(=O)CC,CCCCCCCCN(C=O)CCc1cc2c(cc1C)OC(N)N2,CC(C)CCCCCCCCNC(=O)CCNC=O,CCCCCC(C)NCCN(C(=O)CC)C(C)CCC,CCCCCCCC(=N)OCCNC(=O)CCCCCCC,CCCCCCCC(N)ONC(=O)CCCCCC=O,CCCCC(=O)N(CCc1cc2c(c(C)c1CC(O)C(=O)NO)O2)CCN(CC(C)C)C(C)CCC,CCCCCCCCNCCNC(=O)CNC(=O)CCCCC,CCCCCC(C)N(CCNC1C[OH+]C2CCCC1C2)C(=O)CC,CCCCCC(=O)N(C(=O)CC)C(C)CCC,CCCCCCN(CCNO)[C@@H](C)C(C)C,CCCCCC(=O)N(CCN)C(C)C,C=C[C@@H](C)N(CCN[C@H](C)CCC=CC)C(=O)CCCCC,CCCCCC[C@H](C)N(CC)[C@H](CCC)CCCCC,CC(C)CCCCCCCCCCCC(N)=O,CCCCCCNCCCCC,CCCCCC[C@@H]1NCCCCCCOC12N[C@H]1O[C@@H]1C2(O)C(C)C,CC1=CC2=C(NC(ONC(C)C(O)=NCCN)N2)OC(O)=C1C,CC(=O)N(CCC(C)C)CCC(C)C,CCCCCCCCCCCCCC,CC1=C2C(=O)CC(N1)N(CCN)C(=O)CCC(=O)C1CC2=C(C)O1,CCC(=O)NC,CCCCCC,CC(C)CCN(CCO)C(C)C,NCC(N)=O,
CCOC(=O)COC1=C(C=C(C(=C1)C2=NN(C(=C2Cl)OC(F)F)C)F)Cl,MassSpecGymID0088989,CCOC(=O)COc1cc(-c2nn(C)c(OC(F)F)c2Cl)c(F)cc1Cl,CCOC(=O)COc1cc(-c2nn(C)c(Cl)c2OC(F)F)c(F)cc1Cl,CCOC(=O)COc1ccc(-c2nn(C)c(OC(F)F)c2Cl)c(F)c1Cl,CCOC(=O)COc1cc(Cl)c(F)cc1-c1nn(C)c(Cl)c1OC(F)F,CCOC(=O)COc1cc(-c2cc(OC(F)F)nn2C)c(F)cc1Cl,CCOC(=O)COc1cc(-c2nncc(OC(F)F)c2Cl)c(F)cc1Cl,CCOC(=O)COc1cc(-c2c(OC(F)F)cnn2C)c(F)cc1Cl,CCOC(=O)COc1cc(-c2cc(Cl)nn2C)c(F)cc1OC(F)F,CCOC(=O)COc1cc(-c2c(Cl)c(OCF)nn2C)c(F)cc1Cl,CCOC(=O)COc1cc(-c2cc(OCOCF)nn2Cl)c(F)cc1Cl,CCOC(=O)COc1cc2ccc(OC(F)F)c-2nn1C,CCOC(=O)COc1cc(C2=NN(OF)C=CC2=CCl)c(F)cc1Cl,CCOC(=O)COc1ccc(F)cc1Cl,Cn1ncc(Cl)c1OC(F)F,CCN1N=CC2=CC([ClH+])=C(Cl)C=C(F)C2=C1OCC(=O)OCOC(F)F,COc1nn2c(c1Cl)-c1cc(c(Cl)cc1F)OCC2=O,Cc1cnncc1OC(F)F,CCOC(=O)CO,FC(F)Oc1[n-]ccc1Cl,CCOC(C)O,,,,,,,,,,,,,,,,,,,,,,,,,,,,,,,,,,,,,,
CCN1CC2(C(CC(C34C2C(C(C31)C5(C6C4CC(C6OC(=O)C7=CC=CC=C7)(C(C5O)OC)O)OC(=O)C)OC)OC)OC(=O)C)COC,MassSpecGymID0134704,CC[C@H](C)C(=O)O[C@H]1[C@@H](OC(C)=O)[C@H](C)CC2C3C(=O)C(O)[C@@H]4C5=CC6OC7CCC6NC(O)C[C@@H]([C@H]7C4[C@H]5O)[C@@]3(C)OC(=O)[C@]21O,CCC(C)C(=O)O[C@H]1[C@H]2O[C@@H]3C[C@@]24[C@@H]2[C@@H](OC(C)=O)[C@H]5[C@H](N)CC[C@H]6O[C@]7(O)[C@@]6(C)[C@@H]5C[C@H]5O[C@H]([C@H]3[C@@H](O)[C@@H]4[C@H](O)C(=O)[C@H](O)[C@H]25)[C@]17C,CCC(C)C(=O)OC1C(OC(C)=O)C2C3C4CC5OC(CC6OC7CCC(C=C6N5C32CC(C)C(=O)C1(C)O)C7=O)C(O)C4OC(C)=O,CCC(C)C(=O)OC1C2C(=O)N3CC34CC(C)C3C(O)C(C1C(O)C3O4)C1(C)C(C=CC2C)OC2CC3OC3C(O)C2C1OC(C)=O,CCC(C)C(=O)O[C@H]1C2C(O)OC3C(=O)[C@]4(O)CC5[C@@H](OC6OC(C)C(OC(C)=O)[C@@]65[C@]5(C)C6=CC(C)[C@H]5C(N)C[C@@]62O)[C@@H](O)C4[C@H]31,CCC(C)C(=O)OC1CC2OC3CCC(C)C=C4C3C3C(C)C(OC(C)=O)C45OOC(=O)C1(N)CC2C5(O)C(=O)C(C)C3OC(C)=O,CCC(C)C(=O)OC1C2CCC3OC3CC3C4C(=C(C(C)CC5OC(=O)N5O)C(=O)C(O)CC4C3(C)C)C(C)C1C(OC(C)=O)C2O,CC[C@H](C)C(=O)O[C@H]1[C@@H](OC(C)=O)[C@@H](C)O[C@@H]2C3C(=O)[C@@H](O)C4C5=CC6OC7CCC6NC(C)CO[C@H]7CCC5C4[C@@]3(C)OC(=O)[C@]21C,CCC(C)C(=O)O[C@@H]1[C@H]2C[C@H]3O[C@@H]4O[C@@H]5CN6/C=C(/C)C(=O)[C@H]7[C@@H](C[C@H]6C1(C)C(=O)[C@@H]7O)[C@H]5[C@H](O)[C@@H]3C[C@@H]([C@@H]2O)[C@H](OC(C)=O)[C@H]4C,CCC(C)C(=O)O[C@@H]1[C@@H](O)[C@@H](OC(C)=O)[C@@H](O)C2C[C@H]3C4OC(=O)[C@@]56C(=O)C7=C[C@H](N)[C@H]8[C@@H]7[C@@H]5C[C@@H]8O[C@@H]6[C@@H](O)[C@](C)([C@H]3[C@]21C)[C@H]4C,CCC(C)C(=O)OC1C(C)C(O)C2C3CN4C(C)=CC(OC2C(=O)O3)C4(O)C1C1CCC2CC3CC2OC(C(O)C3=O)C(OC(C)=O)C1C,CCC(C)C(=O)OC1C[C@@H]2[C@@H]3C[C@H]4C(=O)OC(=C[C@H](C)[C@H]4[C@@H](OC(C)=O)[C@@H](O)[C@]4(O)C[C@@H]5O[C@H]3[C@]2(C)[C@@]5(C)[C@H](N)C(=O)[C@H](O)C4=O)[C@H]1C,CCC(C)C(=O)OC1C(O)C(C)CC(OC(C)=O)C1(O)CC1OC2C(C)C(=O)C3=CCC(C)C=C4C(=O)OC(=O)C4(C)C3CC2N(O)C1C,CCC(C)C(=O)OC1CC2OC3CC45C(O)C6C(=CC(C)C6OC(C)=O)C(=O)OC(=O)C3C4C(C)C(OC(C)=O)C5CC2C1C(C)O,CC(=O)O[C@@H]1C(=O)[C@H](OC(=O)C(C)CN)C[C@@H]2[C@@H](O[C@@H]3C[C@]4(C)COC(=O)C45[C@H]([C@@H](C)[C@@H]4C(=C[C@@H]4C)[C@H]5[O-])[C@H](OC(C)=O)[C@]13C)[C@]2(C)O,CCC(C)C(=O)OC1C2C(CC3OC2CC3C)OC(=O)C23CC(OC2=O)C2C(O)C(OC(C)=O)C(C)C4C(CC(C)C(O)C12C#N)C4O3,CCC(C)C(=O)OC1C(O)C2C3C4CCC5OC4=C4C(O)C(O)C3C3CC(OC(C)=O)C4(C)C(=O)OC5NC(C)CC(OC3=O)C12C,CCC[C@@H]1[C@@H]2C[C@H](OC(=O)[C@@H](C)CC)[C@@]3(C)C(=C[C@H]([C@@]4(O)OC(=O)OC4=O)[C@]4(O)[C@@H]5[C@@H](OC(C)=O)[C@H]6[C@@H](C[C@H](C)[C@@H]25)OCN4[C@H]6O)CC[C@@H]13,CCC(C)C(=O)O[C@H]1CC[C@H]2O[C@H]3[C@@H]4[C@H](CN5C[C@H]6O[C@H]6C[C@@H](OC(C)=O)[C@H](O)C5=C[C@H]5C[C@H]45)[C@H](O)[C@H]3[C@@]2(C)[C@H](O)C(=O)OC(=O)C1,CC(=O)OC1C2C(C)[C@H]3C4=CC5CCC([C@@H](O)[C@@H]6C(C[C@@H](O[C@H]7C[C@H]([C@H]2O)N2OC(=O)C72C1O)C(O)C(OC(C)=O)[C@@H]6C)O4)[C@@]53C,CC[C@H](C)C(=O)O[C@@H]1[C@H]2CN(C)[C@H]3OC[C@H]4O[C@@H]5C[C@H](C)[C@H]6[C@@H]7C=C2[C@H](OC(=O)[C@]6(C)[C@H]3[C@H](OC(C)=O)[C@@H](C)C[C@H]5[C@@]1(O)C(=O)O)[C]74,CCC(C)C(=O)OC1CC2C3OC4CC5OC(=O)CC(C)C(O)C5C(O)C(OC(C)=O)C2C2C=C4NOC(C)CC(O)C=C3C(=O)C12C,CCC(C)C(=O)O[C@@H]1[C@@H]2C[C@]3(C[C@@H]1C)C(=O)OC1=C3[C@H]2[C@@H](C[C@@H]2[C@@H]3[C@@H](O)[C@H]4O[C@@H]4CC[C@H](O)[C@@H]3[C@H](O)[C@@]2(N)O)C[C@H](OC(C)=O)[C@H]1C,CC(=O)O[C@H]1CCC2OC3C[C@@H]4N5[C@@H]([C@@H](O)[C@H]6[C@H]7C[C@H](OC(C)=O)[C@@]4(OC(=O)[C@]6(O)C[C@@H]4O[C@H]4[C@@H]3[C@@H](O)C(C)=CC2C1(C)C)[C@@H]7C)[C@@H]5O,CCC(C)C(=O)O[C@H]1C(OC(C)=O)[C@@H]2O[C@H]3[C@@H]4CC[C@H]([C@H]5C[C@@H]6C(=O)C(O)C(=O)N6C[C@@H]5C[C@H]1C)[C@]1(C(=O)OC(C)(C)[C@H]1CO)[C@@H]4[C@@H]32,CC[C@H](C)C(=O)ON1[C@H]2C(=C[C@@H](C)[C@H]3C(=O)C(C)(C)OC(=O)O[C@@H]4[C@H]5[C@H]6C[C@@H]1[C@@]63[C@H]1C[C@H]1[C@]5(C)C(=O)[C@@H]4O)CC[C@H](OC(C)=O)[C@@H]2O,CCC(C)C(=O)OC1CC2OC3CCC(C4C=C(OC(C)=O)C5C(C)(C)C(=O)OCC45C)OC=C3NC3C(O)C(C)OC(=O)C3(O)C12C,CCC(C)C(=O)OC1CC2OC3CCC(C)C=C4C(CC5C(=O)C5(N)CC2CC(O)C(=O)C(O)COC([O])=O)C(OC(C)=O)C(C)C1C43,CCC(C)C(=O)OC1CC2OC3CC4N5C(=O)OC(C)C5C(OC(C)=O)C(C)C(=O)C5=CC(C)C(C)CC5C2(C1=O)C(O)C4(C)C3=O,CC(=O)OC1C(C)C(=O)C2(C)C(OC(C)=O)C3C4CC5OCNC5=CC4C3C(=O)C2(C)C2C(C)C(O)C(C)(O)C(=O)OC(C)C(C)C12,CC(=O)O[C@@H]1[C@H](C)[C@H](OC(C)=O)CC[C@@H](C)[C@H]2[C@H](O)[C@H]2C(=O)O[C@]23[C@H](C[C@@H](OC(C)=O)C4[C@H]5CC6C(C7N(O)[C@]47C)[C@H](C[C@]62C)O5)O[C@H]13,CC[C@H](C)C(=O)O[C@@H]1[C@@H]2C(=O)[C@H]3C(O[C@H]4[C@@H]5C=C(C[C@H]5[C@H]5O[C@H]2C[C@@H]2[C@@H](O)[C@H](O)[C@@]5(C(=O)O[C@](C)(O)CCOC(C)=O)[C@@H]21)[C@H]4C)[C@@H]3C,CC(=O)OC1C2=CC3OC(=O)C4CC5OC6CC7CC(O)C(N)CCC7C(C6O)C(O)C5C(O)CC(C)(C4C3=O)C2C(OC(C)=O)C1C,CCC(C)C(=O)ON1CC2OC(C)C3C(O)C4CC5OC(=O)C(O)C5C4C(C)C3CC2C(CC)C(=O)C2CC(OC(C)=O)C2C(=O)C1O,CC(=O)O[C@H]1[C@@H]2C[C@@]3(O)C(=O)CC[C@H](C[C@]4(CO)CO4)[C@@]45ON(C[C@H]4[C@@H]4C[C@H]4O[C@H]4C[C@@H](C)C(=O)[C@@]4(C)[C@@H]21)[C@H]([C@H](C)[C@H]5O)[C@@H]3OC(C)=O,CC(=O)OC1C(O)C2CCC3(O)OC(CC4C5C(C)C5(OC(C)=O)C5OC(=O)C(C)CC5C(=O)C4(O)C4NC(C)=CC(C)C(O)C14)C23C,CC(=O)OC1=CC2C(N)C2(O)C(=O)C(O)C2C(C(C)C)CC(C(OC(=O)CC(C)CC=O)C1O)C1C2CC2(O)C(=O)OCCCC(C)C12,CC(=O)OC1C[C@@H]2O[C@@H]2CNC2=C[C@H](C)COC2CC1[C@H]1C=CC2OC3C(O)C(O)C(C)C(O)C4OC(=O)[C@]2(C)[C@H](OC(C)=O)C1C43C,CC(=O)OC1C(C)C2(OC(C)=O)C3CC4CC5OCC[C@@]5(N)C4C(O)C(=O)C(C)C4C5=CC(CCC4O)C(C)CC(OC3OC5=O)C12,CC(=O)OC1CC2OC(=O)C(C)(C)C(CC3C(O)C4CC5OC4C(C)C(O)C3(OC=O)C5C)CC2NC2CCC(=O)C(OC(C)=O)C21C,C=C(C)C(=C)O[C@@H]1[C@H]2[C@@H]3[C@H]4C[C@@H]([C@@]5(C)[C@H](OC3(O)O)[C@@H]3[C@H](O)[C@@H]([C@@H](O)[C@@H]6[C@H](O)C(=O)[C@H](C)[C@H]7C[C@]63[C@H]1O7)[C@@H]5O4)[C@@]1(C)N2CC[C@H]2O[C@]21O,CC(=O)OC1CCC2C3OC4C5CC6CC(C)C(O)C2C(CC6O5)CC(OC(C)=O)C25C(=O)OC(=O)OCN2C4C1C(C)C3C5C,CCC(C)C(=O)O,CC(=O)C(C)C=O,CC(=O)O,CC[C@@H](C)C=O,CC(=O)C#CO,,,,,,,,,,,
CC(=CCCC(C)(C1CCC2(C1C(CC3C2(CCC4C3(CCC(C4(C)C)OC5C(C(C(C(O5)CO)O)O)OC6C(C(C(C(O6)CO)O)O)O)C)C)O)C)O)C,MassSpecGymID0262882,CC(C)=CCC[C@](C)(O[C@@H]1O[C@H](CO)[C@@H](O)[C@H](O)[C@H]1O)C1CC[C@@]2(C)[C@@H]1C(O)CC1[C@@]3(C)CC[C@H](O[C@@H]4O[C@H](CO)[C@@H](O)[C@H](O)[C@@H]4O)C(C)(C)C3CC[C@]12C,CC(C)=CCC[C@](C)(O[C@@H]1O[C@H](CO)[C@@H](O)[C@@H](O)[C@@H]1O)[C@@H]1CC[C@]2(C)[C@@H]1[C@H](O[C@@H]1O[C@H](CO)[C@@H](O)[C@H](O)[C@H]1O)C[C@@H]1[C@@]3(C)CC[C@H](O)C(C)(C)[C@@H]3CC[C@]12C,[3H]CC=CCC[C@](CC)(O[C@@H]1O[C@H](CO)[C@@H](O)[C@H](O)[C@H]1O)[C@H]1CC[C@]2(C)[C@H]1[C@H](O)C[C@@H]1[C@@]3(C)CC[C@H](O[C@@H]4O[C@H](CO)[C@@H](O)[C@H](O)[C@H]4O)C(C)(C)[C@@H]3CC[C@]12C,CC(C)=CCC[C@@](C)(O[C@@H]1O[C@@H](CO)[C@@H](O)[C@@H](O)[C@H]1O)[C@H]1CC[C@]2(C)[C@H]1[C@H](O)C[C@H]1[C@@H]3CCCC(C)(C)[C@H]([C@@H]2O[C@@H]2O[C@H](CO)[C@@H](O)[C@H](O)[C@H]2O)[C@]1(C)CC3,CC(C)=CCC[C@](C)(O[C@@H]1O[C@H](CO)[C@@H](O)[C@H](O)[C@H]1O)[C@H]1CC[C@]2(C)C1[C@@H]1C([C@H]1O)[C@@]1(C)CC[C@@H]3O[C@@H](O[C@H](CO)[C@@H](O)[C@H](O)CO)[C@@]2(C)CCC1C3(C)C,CC(C)=CCCC(C)(OC1OC(OCC2OC(CO)C(O)C2O)C(O)C(O)C1O)C1CCC2(C)C1C(O)CC1C3(C)CCC(O)C(C)(C)C3CCC12C,CC(C)=CCC[C@](C)(O[C@@H]1O[C@@H](CO)[C@@H](O)[C@H](O)[C@H]1O)[C@@H]1CC[C@]2(C)[C@@H]1C[C@H]1[C@@]3(C)CC[C@@H](O[C@@H]4O[C@H](CO)[C@@H](O)[C@H](O)[C@H]4O)C(C)(C)[C@@H]3CC[C@@]12C,CC(C)=CCCC(C)(OC1OC(COC2OCC(O)C(O)C2O)C(O)C(O)C1O)C1CCC2(C)C1C(O)CC1C3(C)CC(O)C(C)(C)C3CCC12C,CC(C)=CCC[C@](C)(O[C@@H]1O[C@H](CO)[C@H](O)[C@H](O)[C@H]1O)[C@H]1CC[C@]2(C)[C@@H]1[C@@H](O)C[C@@H]1CCC(O[C@H]3O[C@H](CO)[C@@H](O)[C@H](O)[C@H]3O)C(C)(C)[C@@H]2CC[C@@H]1C,CC(C)=CCC[C@](C)(O[C@@H]1O[C@H](CO)[C@@H](O)[C@H](O)[C@@H]1O)[C@H]1CC[C@]2(C)[C@@H]1[C@H](O)C[C@@H]1CCC(C)(C)[C@@H](O[C@H]3O[C@H](CO)[C@@H](O)[C@H](O)[C@H]3O)CC[C@@]12C,CC(C)=CCC[C@](C)(O[C@H]1O[C@@H](CO)[C@@H](O)[C@@H](O)[C@H]1O)[C@H]1CC[C@@]2(C)[C@@H]1[C@H](O)C[C@@H]1[C@H]3CC[C@H](O[C@H]4O[C@H](CO)[C@@H](O)[C@H](O)[C@H]4O)C(C)(C)[C@H]3CC[C@]12C,CC(C)=CCCC(C)(OC1OC(CO)C(O)C1O)C1CCC2(C)C1C(O)C1C3(C)CCC(O)C(C)(C)C3CCC12C,CC(C)=CCC[C@](C)(O[C@@H]1O[C@H](CO)[C@@H](O)[C@@H](O)[C@H]1O)[C@H]1CC[C@@]2(C)[C@@H]1[C@H](O)C[C@H]1[C@H](C)CC(C)(C)[C@@H](O[C@H]3O[C@H](CO)[C@@H](O)[C@@H](O)[C@H]3O)CC[C@]12C,CC=CC1C2C(C(C)(CCC=C(C)C)OC3OC(COC4OC(CO)C(O)C4O)C(O)C(O)C3O)CCC2(O)C(C)CCC2C(C)(C)C(O)CCC12C,CC(C)=CCC[C@](C)(O[C@H]1O[C@H](CO)[C@@H](O)[C@@H](O)[C@H]1O)[C@H]1CC[C@]2(C)C1CCC1[C@@]3(C)CC(O)C(C)(C)C3CC[C@]12C,CC(C)=CCC[C@](O)(O[C@@H]1O[C@H](CO[C@@H]2O[C@H](CO)[C@@H](O)[C@@H](O)[C@@H]2O)[C@@H](O)[C@H]1O)[C@H]1CC[C@]2(C)[C@H]1[C@H](O)C[C@@H]1[C@H]3CC[C@H](O)C(C)(C)[C@@H]3CC[C@@]12C,CC(C)=CCC[C@](C)(O[C@@H]1O[C@@H](CO)[C@@H](O)[C@@H](O)[C@H]1O)[C@H]1CC[C@]2(C)[C@@H]1C[C@@H]1[C@@]3(C)CC[C@H](O[C@@H]4O[C@H](CO)[C@@H](O)[C@H](O)[C@H]4O)C(C)(C)C3=CC[C@]12C,CC(C)=CCC[C@](C)(O[C@@H]1O[C@H](CO)[C@@H](O)[C@H](O)[C@H]1O)[C@H]1CC[C@]2(C)[C@@H]1[C@@H](O)[C@@H]1[C@@]3(C)CC[C@H](O[C@H]4O[C@H](CO)[C@@H](O)[C@H](O)[C@H]4O)[C@@H]3C(C)(C)C[C@@]12C,CC(C)=CCC[C@](C)(O[C@@H]1O[C@H](CO)[C@@H](O)[C@H](O)[C@@H]1O)[C@@H]1CC[C@]2(C)[C@@H]1[C@H](O)C[C@@H]1[C@H]3[C@H](C)CC[C@@]3(CC[C@H]3O[C@@H](CO)[C@@H](O)[C@H](O)[C@H]3O)CC[C@]12C,CC(C)=CCCC(C)(O[C@@H]1C[C@H](CO)[C@@H](O)[C@H](O)O1)C1CCC2(C)CC(O)CC(O)C3(C)CCC(O[C@@H]4O[C@H](CO)[C@H](O)[C@@H](O)[C@H]4O)C(C)(C)C3CCC12C,CC(C)=CCCC(O)(OC1OC(COC2OC(CO)C(O)C2O)C(O)C(O)C1O)C1CCC2(C)C1CC(O)C1C3(C)CCCC(C)(C)C3CCC12C,CC(C)=CCC[C@](O)(O[C@@H]1O[C@H](CO[C@H]2OC(CO)[C@H](O)C(O)[C@H]2O)[C@H](O)[C@H]1O)C1CC[C@@H]2[C@@]3(C)CC[C@H](O)C(C)(C)[C@@H]3CC[C@H](C)CCC[C@]12C,CC(C)=CCC[C@](O)(O[C@@H]1O[C@H](CO)[C@@H](O)[C@H](O)[C@H]1O)C1CC[C@]2(C)C1[C@H](O)C[C@@H]1O[C@@H](O)C3C(CCC12C)[C@]1(C)CC[C@H](O)C(C)(C)[C@@H](O)CC[C@]31C,CC1(C)[C@@H](O[C@@H]2O[C@H](CO)[C@@H](O)[C@H](O)[C@H]2O)CC[C@]2(C)[C@H]3C[C@H](O)[C@H]4COCC[C@@]4(C)[C@]3(C)CC[C@@H]12,CC(C)=CCC[C@](C)(O[C@@H]1O[C@@H](CO)[C@@H](O)[C@@H](O)[C@H]1O)[C@@H]1CC[C@]2(C)[C@H]1C[C@@H](O)[C@@]1(C)CC[C@H]3O[C@H](O[C@H](CO)[C@@H](O)[C@@H](O)CO)[C@]2(C)CC[C@@H]1C3(C)C,CC1(C)C(O[C@@H]2O[C@@H](CO)[C@@H](O)[C@H](O)[C@H]2O)CC[C@]2(C)C3C[C@@H]4CCC[C@@]4(C)[C@@]3(C)CC[C@@H]12,CC(C)=CCC[C@](C)(O[C@H]1O[C@H](CO[C@@H]2O[C@@H](CO)[C@@H](O)[C@H]2O)[C@@H](O)[C@H](O)[C@H]1O)[C@H]1CC[C@@]2(C)[C@H]3C[C@@H](C)[C@@H]4C[C@H]4C[C@H](O)[C@H](C)[C@@H]3[C@H](O)CC[C@]12C,CC(C)=CCC[C@@](C)(OC[C@@H]1O[C@H](CO)[C@@H](O)[C@@H](O)[C@H]1O)[C@H]1CC[C@@]2(C)[C@@H]1[C@H](O)[C@@H]1[C@@]3(C)CCCC(C)(C)[C@@H]3C(O[C@H]3O[C@H](CO)[C@@H](O)[C@H](O)[C@H]3O)[C@@]12C,CC(C)=CCCC(O)(O[C@@H]1O[C@H](CO)[C@@H](O)[C@H](O)[C@H]1O)C1CC(O)C2(C)C1CC(O)CC1(C)CCC(O)C(C)(C)C1CCC2(C)C1C(O)CC1CO,CC(C)=CCC[C@@H](O[C@@H]1O[C@H](CO)[C@@H](O)[C@H](O)[C@H]1O)[C@@](C)(O)[C@H]1CC[C@]2(C)[C@@H]1[C@H](O)[C@@H]1[C@]3(C)CC[C@H](O)C(C)(C)[C@@H]3C[C@]12C,CC(C)=CCCC(C)(OC1OC(CO)C(O)C(O)C1O)C1OCC(O)C2C(O)COC(OC3CCC4(C)C3C(O)CC3C4C(C)(C)CC(O)C3(C)C)C21,CC(C)=CCC[C@](C)(O[C@@H]1O[C@H](CO)[C@@H](O)[C@H](O)[C@H]1O)C1OCC(CO)[C@H]1C1CC[C@@]2(C)C1[C@H](O)C1CC(C)C[C@H](O)C(C)(C)C(O)CC1(C)[C@@H]2O,CC(C)=CCCC(O[C@@H]1O[C@H](CO[C@@H]2O[C@H](CO)[C@@H](O)[C@H]2O)[C@H](O)[C@@H](O)[C@H]1O)[C@](C)(O)C1CCC2C3C([C@@H](O)C[C@@]21C)[C@@]1(C)CC[C@H](O)C(C)(C)C31,CC(C)=CCCC(C)(OC1OC(CO)C(O)C(O)C1O)C1OC(CO)C(O)C1O,CC(C)=CCC[C@@](O)(CCC[C@@]1(C)[C@@H](O)[C@]2(C)[C@@H]1[C@H](O)C[C@@H]1[C@@]3(C)CC[C@](O)(CO)OC[C@](C)(CO)[C@@H]3CC[C@]12C)CO[C@H]1O[C@H](CO)[C@@H](O)[C@@H](O)[C@H]1O,CCCC[C@H]1C(C)(C)[C@@H](O)CC[C@]1(C)[C@H]1C[C@@H](O)[C@@H]1[C@@H]1OOO[C@@H]2[C@]3(C)CC[C@H]([C@@](O)(CCC=C(C)C)O[C@@H]4O[C@@H](CO)[C@@H](O)[C@H](O)[C@@H]4O)[C@H]3CC[C@]21C,CC(C)=CCC[C@](C)(OC1OC(CO)C(O)C(O)C1O)[C@H]1CC[C@@]2(C)[C@H](C)CC[C@@]3(C)CCC(OC4(O)C(O)COOC4CO)[C@@H]3CC[C@H](O)[C@@H]2C1(C)C,CC(C)=CCCC(O)COC1OC(C2CC3(C)C2C(O)CC2C4(C)CCC(O)C(C)(C)C4CCC23C)CCC1OC1OCOC(O)C(O)C(O)C(O)C1O,CC(C)=CCC[C@](C)(O[C@@H]1O[C@@H](CO)[C@@H](O)[C@H](O)[C@H]1O)[C@@H]1OC[C@]2(O)COC[C@H](O)[C@]2(C)[C@H]1[C@@H](O)C[C@@H]1C(C)(C)[C@H]2C(C)(C)[C@@H](O)[C@@H](CO)CC[C@@]21C,CC(C)=CCCC(C)(O[C@@H]1O[C@H](CO)[C@@H](O)[C@H](O)[C@H]1O)O[C@@H]1O[C@H](CO)[C@@H](O)[C@H]1O,CC(C)=CCC[C@](C)(O[C@H]1O[C@H](CO)[C@@H](O)[C@H](O)[C@H]1O)[C@@H]1CC[C@@]2(C)[C@@H]3OC(=O)C[C@H](O)[C@]3(C)C[C@@H](O)[C@@H]2[C@@]1(C)CC[C@H](C)C(C)(C)CC[C@@H](O)CCO,CC(C)=CCCC(O)OC1OC(COC2OC(CO)C(O)C2O)C(O)C(O)C1O,CC(C)=CCC[C@H](C)O[C@H]1O[C@H](CO[C@@H]2O[C@@H](CO)[C@H](O)[C@H](O)[C@H]2O)[C@H](O)[C@H](O)[C@H]1O,CC(C)=CCCC(C)O[C@@H]1O[C@H](CO[C@@H]2O[C@H](CO)[C@@H](O)[C@H]2O)[C@@H](O)[C@H](O)[C@H]1O,CC(C)=CCC[C@@]1(O[C@@H]2O[C@H](CO)[C@@H](O)[C@H](O)[C@H]2O)[C@H]2CC[C@@]2(C(O)[C@H]2[C@@H](C)CC[C@@H]3C(C)(C)[C@@H](O)CC[C@@]32C)[C@@H]2[C@H](O)CC[C@H](O)[C@@H](O)[C@@H]1OC[C@H]2O,CC(C)CCCC[C@](C)(O[C@@H]1O[C@H](CO)[C@H](O)[C@@H](O)[C@H]1O)[C@@H]1OC[C@]2(C)[C@@H]1[C@@H]1C[C@H]([C@@]3(C)CC[C@H](O)C(C)(C)[C@@H]3CC[C@@H]2C)[C@]2(O1)[C@H](O)[C@H](O)[C@H](O)[C@H]2CO,CC(C)=CCC=CO[O+](C[C@@H]1O[C@@H](CO)[C@@H](O)[C@H](O)[C@H]1O)[C@@H]1CC[C@]2(C)[C@@H]1C[C@H]1[C@@]3(C)CC[C@H]4O[C@@H](O[C@H](CO)[C@@H](O)[C@H](O)[C@H]4O)C(C)(C)[C@@H]3CC[C@]12C,CC(C)=CCC[C@](C)(O)[C@H]1CC[C@]2(C)[C@@H]1[C@@H](O)[C@]1(C)[C@@H]2C[C@@H](O)[C@@H]2[C@@H]3CCO[C@H]3CO[C@@](C)(CO)CCC[C@]21C,CC(C)=CCC[C@](C)(O)CC[C@@H]1O[C@H](CO)[C@@H](O)[C@H](O)[C@H]1O,CC(C)=CCC[C@H](C)O[C@@H]1O[C@H](CO[C@@H]2OC[C@@H](O)[C@@H](O)[C@H]2O)[C@@H](O)[C@H](O)[C@H]1O,CC(C)=CCC[C@@H](C)O[C@@H]1O[C@H](CO[C@@H]2O[C@@H](O)[C@H](O)[C@@H](O)[C@@H]2CO)[C@@H](O)[C@H](O)[C@H]1O,CC(C)=CCC[C@@H](C)O[C@@H]1O[C@H](CO)[C@@H](O)[C@@H](O)[C@H]1O,CC(C)=CCCC(O)O[C@H]1O[C@H](CO)[C@@H](O)[C@@H](O)[C@H]1O,CC(C)=CCCC(C)OC1CC(O)C(O)C(CO)O1,OCC1O[C@@H](O)C(O)C(O)[C@H]1O,CCCCC1C(C2CC(O)C2)CCC2CC(O)CCC21C,CC(C)(CCCC=CC1OC2OC(COC(O)C(O)C1O)C2O)C(O)C(O)O,CC(C)O
CC1C(CC2C1C(OC=C2C(=O)OC)OC3C(C(C(C(O3)CO)O)O)O)OC(=O)C4=COC(C(C4CCO)C=C)OC5C(C(C(C(O5)CO)O)O)O,MassSpecGymID0310002,C=C[C@H]1[C@H](O[C@@H]2O[C@@H](CO)[C@@H](O)[C@H](O)[C@H]2O)OC=C(C(=O)OC)[C@@H]1[C@@H]1CC[C@H](O[C@@H]2OC=C(C(=O)O[C@@H]3O[C@H](CO)[C@@H](O)[C@H](O)[C@H]3O)OC2C)[C@H]1C,C=C[C@@H]1[C@H](O[C@@H]2O[C@H](CO)[C@@H](O)[C@H](O)[C@H]2O)OC=C(C(=O)OC)[C@H]1C[C@@H]1CC2C(C(=O)O[C@H]3O[C@H](CO)[C@@H](O)[C@H](O)[C@H]3O)=CO[C@H](O)C2[C@H]1C,C=C[C@H]1[C@H](O[C@@H]2O[C@H](CO)[C@@H](O)[C@H](O)[C@H]2O)OC=C(C(=O)O[C@H]2C[C@@H]3C(C(=O)OC)=COC[C@H]3[C@H]2C)[C@@H]1C(C)=O,C=CC1C(OC2OC(CO)C(O)C(O)C2O)OC=C(C(=O)OC2CC3C(C(=O)OC)=COC(OC4OC(CO)C(O)C(O)C4O)C3C2)C1CO,C=C[C@H]1[C@H](O[C@@H]2O[C@H](CO)[C@@H](O)[C@H](O)[C@@H]2O)OC=C(C(=O)O[C@H]2C[C@@H](C)[C@H]3[C@H](O[C@@H]4O[C@H](CO)[C@@H](O)[C@H](O)[C@H]4O)OC=C(C(=O)OC)[C@H]32)[C@@H]1C,C=C[C@H]1[C@H](O[C@@H]2O[C@H](CO)[C@@H](O)[C@H](O)[C@H]2O)OC=C(C(=O)O[C@H]2CC=C(C(=O)OC)[C@H](C)[C@H]2C)[C@H]1C(C)=O,C=C[C@H]1[C@H](O[C@@H]2O[C@H](CO)[C@@H](O)[C@H](O)[C@H]2O)OC=C(C(=O)OC)[C@@H]1C(C)=O,C=CC1C(OC2OC(CO)C(O)C(O)C2O)OC=C(C(=O)OC)C1C,C=CC1C(OC2OC(CO)C(C)C(O)C2O)OC=C(C(=O)OC2CC3C(C(=O)OC4OC(CO)C(O)C(O)C4O)=COC3C2C)C(O)C1O,C=CC1C(OC2OC(CO)C(O)C(O)C2O)OC=C(C(=O)OC2CC3C(C=O)=COC(OC4OC(CO)C(O)C(O)C4O)C(O)C23)C1CC,C=CC1C(OC2OC(CO)C(O)C(O)C2O)OC=C(C(=O)OC2CC(C)C(OC3OC(CO)C(O)C(O)C3O)C=C(C(=O)OC)C2C)C1C(C)=O,C=C[C@H]1[C@H](O[C@@H]2O[C@H](CO)[C@@H](O)[C@H](O)[C@H]2O)OC=C(C(=O)O[C@H]2CCC(C(=O)OC)=CO[C@@H](O[C@@H]3O[C@H](CO)[C@@H](O)[C@H](O)[C@H]3O)[C@@H]2C)[C@@H]1C(C)=O,C=CC1C(OC2OC(CO)C(O)C(O)C2O)OC=C(C(=O)OC)C1O,C=C[C@H]1[C@@H](O[C@@H]2O[C@H](CO)[C@@H](O)[C@H](O)[C@H]2O)OC=C(C(=O)O[C@@H]2C[C@H](O[C@@H]3O[C@H](CO)[C@@H](O)[C@H](O)[C@H]3O)C(=O)[C@H](C(C)=O)[C@H]2C)[C@H]1C(C)=O,C=CC1C(OC2OC(CO)C(O)C(O)C2O)OC=C(C(=O)OC)C(C(C)=O)C1OC1OC(CO)C(O)C(O)C1O,C=C[C@H]1[C@H](O[C@@H]2O[C@@H](CO)[C@@H](O)[C@H](O)[C@H]2O)OC=C(C(=O)OC)[C@H]1C=C,C=C[C@H]1[C@H](O[C@@H]2O[C@H](CO)[C@@H](O)[C@H](O)[C@H]2O)OC=C(C(=O)O[C@H]2C[C@@H]3C(OC)O[C@H](O[C@@H]4O[C@H](CO)[C@@H](O)[C@H](O)[C@H]4O)[C@H]3C[C@H]2C)[C@H]1C(C)=O,C=C[C@H]1[C@H](O[C@@H]2O[C@@H](CO)[C@@H](O)[C@H](O)[C@H]2O)OC=C(C(=O)O[C@H]2C[C@H](O[C@@H]3O[C@H](CO)[C@@H](O)[C@H](O)[C@H]3O)[C@H]3[C@@H]2OC(C)=C(C(=O)OC)[C@@H]3C)[C@@H]1C,C=CC1C(OC2OC(CO)C(O)C(O)C2O)OC=C(C(=O)OC2CC2C2C(C(=O)OC3OC(CO)C(O)C(O)C3O)=COC(OC)C2C)C1C,C=C[C@@H]1[C@H](O[C@@H]2O[C@H](CO)[C@@H](O)[C@H](O)[C@H]2O)OC=C(C(=O)OC)[C@@H]([C@@H]2C[C@H]2[C@H]2CC(C(=O)OC)=CO[C@@H]2O[C@H]2O[C@H](CO)[C@H](O)[C@H](O)[C@H]2O)[C@@H]1C,C=CC1C(OC2OC(CO)C(O)C(O)C2O)OC=C(C(=O)OC2CC(OC3OC(CO)C(O)C(O)C3O)C(C(C)=O)OC=C2C(C)=O)C1C,C=CC1C(OC2OC(CO)C(O)C(O)C2O)OC=C(C(=O)OC2CC3C(=O)C(C(=O)OC4OC(CO)C(O)C(O)C4O)=CC3C(C)C2OC)C1C,C=CC1C(OC2OC(CO)C(O)C(O)C2O)OC=C(C(=O)OC)C1C1OC(OC2OC(CO)C(O)C(O)C2O)C2CC=C(C(=O)OC)C(C)C21,C=CC1C(OC2OC(CO)C(O)C(O)C2O)OC=C(C(=O)OC2CC3C4OCOC3C4(OC3OC(CO)C(O)C(O)C3O)C2C)C1C(C)=O,C=C[C@H]1[C@H](O[C@@H]2O[C@H]([CH]O)[C@@H](O)[C@H](O)[C@H]2O)OC=C(C(=O)O[C@@H]2C[C@H](OC)[C@@H](O[C@@H]3O[C@H](CO)[C@@H](O)[C@H](O)[C@H]3O)[C@@H](C)[C@@H]2O)[C@H]1C=C,C=C[C@H]1[C@H](O[C@@H]2O[C@H](CO)[C@@H](O)[C@H](O)[C@@H]2O)OC=C(C(=O)OC)[C@@H]([C@@H]2OC=C(C(=O)O[C@@H]3O[C@H](CO)[C@@H](O)[C@H](O)[C@H]3O)[C@@H](C)[C@H]2OC)[C@H]1CO,C=CC1=C(OOC)C(OC2C(C(=O)OC)=CO[C@@H](OC3O[C@H](CO)[C@@H](O)[C@H](O)[C@@H]3O)C2C=C)CC(OC2O[C@H](CO)[C@H](O)[C@H](O)[C@H]2O)C1C(C)=O,C=CC1[C@H](O[C@H]2O[C@H](CO)[C@@H](O)[C@H](O)[C@H]2O)OC=C(C(=O)O[C@@H]2O[C@@H](CO)[C@@H](C=O)C2O)C(OC)C[C@H]1O[C@@H]1O[C@H](C(C)=O)[C@@H](O)[C@H](C)C1C,C=C[C@H]1[C@H](O[C@@H]2O[C@H](CO)[C@@H](O)[C@H](O)[C@H]2O)OC=C(C(=O)O)[C@H]1C,C=C[C@H]1[C@H](O[C@H]2O[C@H](CO)[C@@H](O)[C@H](O)[C@H]2O)OC=C(C(=O)OC)[C@H]([C@@H]2C(C(O)OC)=CO[C@H](O[C@@H]3O[C@H](CO)[C@@H](O)[C@H](O)[C@H]3O)[C@H](C)[C@@H]2O)[C@H]1C,C=CC1C(OC2OC(CO)C(O)C(O)C2O)OC=C(C(=O)OC2CC(C(=O)OO)=CC(C)C2OC2OC(CO)C(O)C(C)C2O)C1C(C)=O,C=CC1C(OC2OC(CO)C(O)C(O)C2O)OC=C(C(=O)OC2CC(OC3OC(CO)C(O)C3CO)C3C(=C(C(=O)OC)C3C)C2=O)C1C,C=C[C@H]1[C@H](O[C@@H]2O[C@H](CO)[C@@H](O)[C@H](O)[C@H]2O)OC=C(C(=O)O[C@@H]2O[C@H](CO)[C@@H](O)[C@H](O)[C@H]2O)[C@@H]1[C@H]1C[C@@H](C)[C@@H]2[C@H](OC)OC(C(=O)OC)[C@@H]2C1,C=C[C@H]1[C@H](O[C@@H]2O[C@H](CO)[C@@H](O)[C@H](O)[C@H]2O)CC=C(C(=O)OC)[C@@H]1O,C=CC1C(CO)C(C(=O)OC2OC(OC3CC4C(C(=O)OC5OC(CO)C(O)C(O)C5O)=COC4(C)C3C)C(O)C(O)C2O)=COC1C(C)=O,C=C[C@H]1[C@H](O[C@@H]2O[C@H](CO)[C@@H](O)[C@H](O)[C@H]2O)OC=C(C(=O)O)[C@@H]1O,C=CC1C(CO)C(C(=O)OC)=CO[C@H]1O[C@@H]1O[C@H](O[C@@H]2OC(OC)[C@@H]([C@@H]3C=C(O)C(C(=O)OC)O[C@H](OC)[C@H](OC)C3)[C@H](O)C2C)C(O)C(O)C1O,C=CC1C2CC(OC(=O)[C@@H]3C(C(=O)OC)=CO[C@@H](O[C@@H]4O[C@H](CO)[C@@H](O)[C@@H](O)[C@H]4O)[C@@H]3C=C)C1(OC1OC(CO)C(O)C(O)C1O)OC=C2C,C=C[C@H]1[C@H](O[C@@H]2O[C@H](CO)[C@H](O)[C@H](O)[C@H]2O)OC=C(C(=O)OC)[C@@H]1C[C@H]1C[C@@H]2C[C@H]3OC=C(C(=O)[C@H]4O[C@@H](O2)[C@H](O)[C@@H](O)[C@@H]4O)[C@H]13,C=C[C@@H]1C(C(=O)OC)=COC(O[C@@H]2O[C@H](CO)[C@@H](O)[C@H](O)[C@H]2O)C[C@H]1O[C@@H]1C[C@H]([CH]C)[C@@H](O[C@@H]2O[C@H](CO)[C@@H](O)[C@H](O)[C@@H]2O)OC=C1C(=O)OC,C=C[C@H]1C(O[C@H]2C[C@H](O)C3C(OC)=COOC32)OC=C(C(=O)OC2OC(CO)C(O)C(O)C2O)[C@H]1C,C=C[C@H]1[C@H](O[C@H]2OC(O)[C@H](O)C(O)[C@@H]2O)OC=C(C(=O)O)[C@H]1O[C@@H]1OC(CO)[C@@H](O)C(O)C1O,C=C[C@H]1C(OC2OC(CO)[C@@H](O)C(O)C2O)OC=C(C(=O)OC2=C[C@@H](OC3C(CO)OC(C(=O)OC)C(O)C3O)C(CO)C2C)[C@H]1CC(C)=O,C=CC1CC(O[C@@H]2O[C@H](CO)[C@@H](O)[C@H](O)[C@H]2O)OC=C(C(=O)OC)C[C@H]1O,C=CC1C(C(=O)O)=COC1OC1OC(CO)C(O)C(O)C1O,CC(=O)C1=CO[C@@H]2O[C@H]3C[C@H]1[C@H]([C@@H]3C)[C@H]2O[C@@H]1O[C@H](CO)[C@@H](O)[C@@H](O)[C@H]1O,C=CC1C=C(C=O)C(OC)OC(C(C)C2C(OC3OC(CO)C(O)C(O)C3O)OC=C(C(=O)OC3OC(CO)C(O)C(O)C3O)C2C)C1O,C=CC1C(=C)OC=C(C(=O)OC2OC(CO)C(O)C(C)C2O)C1C1(CO)C(C(=O)OC)=COC1OC1OC(CO)C(O)C(CO)C1O,CC(=O)O[C@H]1C[C@@H]2C=C(O[C@H]1C)[C@@H]2O[C@@H]1O[C@H](CO)[C@@H](O)[C@H](O)[C@@H]1O,CCC1O[C@H](O[C@H]2C3=C(C(=O)OC)[C@H](O)[C@H]3C[C@@H]2OC)C(O)[C@@H](O)[C@@H]1O,COC(=O)C1=C(C(O)OC2OC(CO)C(O)C2O)C(CO)C(OC2OC(O)C(C)C(O)C2O)CCO1,C=CC1[C@@H](OC(C)=O)OC=C2C(=O)O[C@@H](OC(CO)[C@@H](O)C(O)[C@@H](OC)OC=CC(=O)OO[C@@H]3OC(CO)[C@@H](C)C(O)C3O)[C@H](C(C)=O)[C@@H](C)[C@@H]21,C=C[C@@H]1[C@@H]2OC(=O)C3=CO[C@@H](O[C@H](C[C@H](C)[C@H]4C5OC=C(O)[C@@H]4[C@H](C)[C@@H](O[C@H](CO)[C@@H](O)[C@H](O)CO)O5)[C@H](O)[C@@H](O)[C@H](O)[C@@H](CO)O2)[C@H]31,C=C[C@H]1OCOCO[C@H](OC)[C@@H](C)[C@H](C#CCO)OC=C(CCOC)OCOC1C(C)=O,COC(=O)[C@@H]1C[C@H](O)[C@H](O)[C@H]1O,C=C[C@H]1OCO[C@H]2O[C@H](COOCOC[C@@H](C)[C@H]2C)OC=COC(=C)OCO[C@@H]1C(C)CO,OCC1OC2CC3C(=C2O)OC2CCOC(OC4OC(CCOC(O)C4O)C(O)C1C2)C3CO,C=CC=C(CCOOC=C)OCOCOOC
CC1=C(C(=O)OC(C1)C(C)(C2CCC3C2(CCC4C3CC=C5C4(C(CC(C5)OC6C(C(C(C(O6)COC7C(C(C(C(O7)CO)O)O)O)O)O)O)O)C)C)O)C,MassSpecGymID0193644,CC1=C(CO)C(=O)O[C@@H]([C@@H](C)[C@H]2CC[C@@H]3[C@@H]4CC=C5C[C@H](O[C@@H]6O[C@H](CO[C@@H]7O[C@H](CO)[C@@H](O)[C@H](O)[C@H]7O)[C@@H](O)[C@H](O)[C@@H]6O)C[C@@H](O)[C@]5(C)[C@H]4CC[C@@]23C)C1,CC1=C(CO)C(=O)O[C@@H]([C@@H](C)[C@H]2CC[C@H]3[C@H]4CC(O)=C5C[C@@H](O[C@H]6O[C@H](CO[C@@H]7O[C@H](CO)[C@H](O)[C@H](O)[C@H]7O)[C@@H](O)[C@H](O)[C@H]6O)CC[C@]5(C)[C@H]4CC[C@]23C)C1,CC1=C(CO)C(=O)O[C@H]([C@@H](C)[C@@H]2CC[C@H]3C4=C5C[C@@H](O[C@@H]6O[C@H](CO[C@@H]7O[C@H](CO)[C@@H](O)[C@H](O)[C@@H]7O)[C@@H](O)[C@H](O)[C@@H]6O)C[C@@H](O)[C@]5(C)[C@H](C)[C@H]4CC[C@@]32C)C1,CC1=C(CO)C(=O)OC(C(C)C2CCC3C4=CCC(COC5OC(COC6OC(CO)C(O)C(O)C6O)C(O)C(O)C5O)C5(C)CCC3C45CCC(O)C2)C1,CC1=C(CO)[C@@]2(C)C[C@H]3[C@@H](CC=C4[C@@H]([C@H](C)C5=C[C@@H](O)C[C@@H](O[C@@H]6O[C@H](CO[C@@H]7O[C@H](CO)[C@H](O)[C@H](O)[C@H]7O)[C@@H](O)[C@H](O)[C@H]6O)O5)CC[C@@]43C)[C@@H]2C[C@@H](O)C1,CC1=C(CO)C(=O)O[C@@H]([C@@H](O)[C@H]2CC[C@@H]3[C@]2(C)CC[C@H]2[C@]34CCC(=O)O[C@]3(CCC5C[C@H](O)[C@@H]5O[C@H](O)C[C@@H](C)[C@H](O)[C@@H](O)[C@@H](O)[C@H](O)[C@H]3O)[C@]2(C)[C@H]4O)C1,CC1=C(CO)C(=O)O[C@@H]([C@@H](C)[C@H]2CC[C@H]3[C@@H]4CC=C5C[C@@H](O[C@@H]6O[C@H](CO[C@H]7O[C@H](CO)[C@@H](O)[C@H](O)[C@H]7O)[C@@H](O)[C@H](O)[C@H]6O)CC[C@H](O)[C@]5(C)[C@H]4CC[C@]23C)C1,CC1=C(CO)C(=O)O[C@@H]([C@@H](C)[C@H]2CC[C@H]3[C@@H]4CC=C5C[C@@H](O[C@@H]6O[C@H](CO[C@H]7O[C@H](CO)[C@@H](O)[C@H](O)[C@H]7O)[C@@H](O)[C@H](O)[C@H]6O)C[C@@H](O)[C@H](O)[C@]5(C)[C@H]4CC[C@]23C)C1,CC1=C(CO)C(=O)O[C@@H]([C@@H](C)[C@H]2CC[C@H]3[C@@H]4CC=C5C[C@@H](CO[C@@H]6OC(CO[C@@H]7OC(CO)[C@@H](O)C(O)C7O)[C@@H](O)C(O)C6O)CC(O)[C@]5(C)[C@H]4CC[C@]23C)C1,CC1=C(CO)C(=O)O[C@@H]([C@@H](C)[C@@H]2CC[C@H]3[C@H]4CC=C5C[C@@H](O[C@H]6O[C@H](CO[C@@H]7O[C@@H](CO)[C@@H](O)[C@H](O)[C@@H]7O)[C@@H](O)[C@H](O)[C@H]6O)C[C@H](O)[C@]5(C)[C@H]4C[C@@H](O)[C@]23C)C1,CC1=C(CO)C(=O)OC([C@@H](C)[C@H]2CC[C@H]3[C@@H]4CC=C5CC(O[C@@H]6O[C@H](CO[C@@H]7O[C@H](CO)[C@@H](O)[C@H](O)[C@H]7O)[C@@H](O)[C@H](O)[C@H]6O)CC(O)[C@@](C)(C5)[C@H]4CC[C@]23C)C1,CC1=C(CO)C(=O)O[C@H]([C@@H](C)[C@H]2CC[C@H]3[C@@H]4CC(O)C=C5C[C@@H](O[C@@H]6O[C@H](CO[C@@H]7O[C@H](CO)[C@@H](O)[C@H](O)[C@H]7O)[C@@H](O)[C@@H](O)[C@H]6O)CC[C@]5(C)[C@H]4CC[C@]23C)C1,CC1=C(C)C(=O)O[C@@H]([C@@H](C)[C@H]2CC[C@H]3[C@H]4CC(CO)=C5C[C@@H](O[C@H]6O[C@H](CO[C@@H]7O[C@@H](CO)[C@@H](O)[C@H](O)[C@@H]7O)[C@H](O)[C@@H](O)[C@H]6O)C[C@H](O)[C@]5(C)[C@H]4CC[C@]23C)C1,CC1=C(CO)C(=O)OC(C(C)C2CCC3C4C(CO)C=C5CC(OC6OC(COC7OC(CO)C(O)C(O)C7O)C(O)C(O)C6O)CCC5(C)C4CCC23C)C1,CCC1CCC2C3CC=C4CC(OC5OC(COC6OC(CO)C(O)C(O)C6O)C(O)C(O)C5O)CC(O)[C@]4(C)C3CC[C@]12C,CC1=C(CO)C(=O)O[C@H]([C@@H](C)[C@H]2CC[C@H]3C[C@@H]4CC=C5C[C@@H](O[C@@H]6O[C@H](CO[C@@H]7O[C@@H](CO)[C@@H](O)[C@H](O)[C@H]7O)[C@H](O)[C@H](O)[C@H]6O)CC[C@]5(C)[C@H]4C[C@H](O)C[C@@]32C)C1,CC1=C(CO)C(=O)OC(C(C)C2CCC3C4CC=C5CC(OC6O[C@H](COC7O[C@H](CO)[C@@H](O)[C@@H](O)[C@H]7O)[C@@H](O)[C@H](O)[C@@H]6O)C(O)C5(C)C4(C)C(O)C23C)C1,[3H]C([3H])[C@@H]1CC(=O)OC([C@@H](C)[C@H]2CC[C@H]3[C@@H]4CC=C5C[C@@H](C)C[C@H](O)[C@]5(C)[C@H]4CC[C@]23CO[C@@H]2O[C@@H](CO)[C@@H](O)[C@@H](O)[C@H]2O[C@@H]2O[C@H](CO)[C@@H](O)[C@H](O)[C@H]2O)C1,CC1=C(CO)C(=O)O[C@@H]1[C@@H](C)[C@H]1CC[C@H]2[C@@H]3CC=C4[C@H](C)[C@@]4(C)[C@@H](O)C[C@H](C)[C@H]3[C@@H](O[C@@H]3O[C@H](CO[C@H]4O[C@H](CO)[C@@H](O)[C@H](O)[C@@H]4O)[C@@H](O)[C@H](O)[C@H]3O)C[C@]12C,CC1=C(CO)C(=O)O[C@@H]([C@@H](C)[C@H]2CC3CCC=C4C[C@@H](OC[C@@H]5O[C@H](CO)[C@@H](O)[C@H](O)[C@H]5O[C@@H]5O[C@H](CO)[C@@H](O)[C@H](O)[C@@H]5O)C[C@H](O)[C@@]4(C)C[C@H](O)[C@@]32C)C1,CC1=C(C[OH2+])C(=O)O[C@H]([C@@H](C)[C@H]2CC[C@H]3[C@@H]4CC=CC[C@H](O)[C@@H](O)[C@@H](O[C@@H]5O[C@H](CO[C@@H]6O[C@H](CO)[C@@H](O)[C@@H](O)[C@H]6O)[C@@H](O)[C@H](O)[C@@H]5O)[C@@H](C=CC[C@]23C)C4)C1,CC1=C(CO)C(=O)O[C@H]1[C@@H](C)[C@H]1CC[C@H]2[C@@H]3CC=C4C[C@@H](O)CC[C@]4(C)[C@H]3[C@H](O[C@@H]3OC(CO[C@@H]4OC(CO)[C@@H](O)[C@H](O)C4O)[C@@H](O)[C@H](O)C3O)C[C@H](O)[C@]12C,CC(C)[C@H]1CC[C@H]2[C@@H]3CC=C4C[C@@H](O[C@@H]5O[C@H](CO[C@@H]6O[C@H](CO)[C@@H](O)[C@H](O)[C@H]6O)[C@@H](O)[C@H](O)[C@H]5O)C[C@@H](O)[C@]4(C)[C@]3(C)[C@H](O)C[C@]12C,CC1=C(O)[C@H]([C@@H](C)[C@H]2CC[C@H]3[C@H]4CC=C5C[C@@H](O[C@@H]6O[C@H](CO[C@@H]7O[C@H](CO)[C@@H](O)[C@H](O)[C@H]7O)[C@@H](O)[C@H](O)[C@H]6O)CC[C@]5(C)[C@H]4CC[C@H](C)[C@H]23)OC1=O,C=C([C@@H](C)[C@H]1CC(C)=C(CO)C(=O)O1)[C@H]1C=C[C@H]2[C@H]1CC(O)[C@@]1(C)C[C@@H](C)C(C)=C1[C@@H]2O[C@@H]1O[C@H](CO[C@@H]2O[C@H](CO)[C@@H](O)[C@H](O)[C@H]2O)[C@@H](O)[C@H](O)[C@H]1O,CC1=C(CO)C(=O)O[C@@H](CO[C@H]2C([C@@H](C)[C@H]3CC[C@@H]4C5=CC[C@H]6[C@@H]4CC[C@](C)(C5)[C@@H]6C[C@@H](O)OC3C)O[C@H](CO[C@@H]3O[C@H](CO)[C@H](O)[C@H](O)[C@H]3O)[C@@H](O)[C@H]2O)C1,C[C@@H]([C@H]1CC[C@H]2[C@@H]3CC=C4C[C@@H](O[C@@H]5O[C@H](CO)[C@H](O)[C@H](O)[C@H]5CO[C@@H]5O[C@H](CO)[C@@H](O)[C@H](O)[C@H]5O)CC[C@]4(C)[C@H]3C(=O)O[C@]12C)[C@H]1CC=C(O)C1=O,CC1=C(CO)C(O)OC(C(C)C2CCCC3CC=C4CC(OC5OC(COC6OC(CO)C(O)C(O)C6O)C(O)C(O)C5O)CC4(C)C3C(O)C2(C)C2C[O+]2)C1,C=C[CH][C@H]1OC[C@H]2[C@@H]3CC=C4C[C@@H]([C@@H]5C[O+](OC)C(=O)O5)C[C@H](O[C@@H]5O[C@H](CO[C@H]6O[C@H](CO)[C@@H](O)[C@H](O)[C@H]6O)[C@@H](O)[C@H](O)[C@H]5O)[C@]4(C)[C@H]3CC[C@]12C,[2H]C([C@H]1CC([C@@H](C)[C@H]2CC[C@H]3[C@@H]4CCC=C5C[C@@H](OC6([2H])O[C@H](CO[C@@H]7O[C@H](CO)[C@@H](O)[C@H](O)[C@H]7O)[C@@H](O)[C@H]6O)C[C@@H](O)[C@]5([2H])[C@H]4CC[C@]3(C)[C@@H]2O)OC1=O)C([2H])([2H])[2H],[3H]C1=C(CO)C([3H])O[C@@H]([C@@H](C)[C@H]2CC[C@H]3[C@@H]2C2=C=C4C[C@@H](O[C@@H]5O[C@H](CO[C@@H]6O[C@H](CO)[C@@H](O)[C@H](O)[C@H]6O)[C@H](O)[C@H](O)[C@@H]5O)CC[C@@]4(C)[C@H](O)C[C@H](O)[C@]23C)C1,CC1=C(CO)C(=O)OC([C@@H](C)C2C3C4C(CC[C@@]32C)[C@@H](C)C(CO[C@@H]2OC([C@@H](C)C(O)C(O)CCO)CC(OCO)C(O)C2O)O[C@H]2CC[C@]3(OC2)O[C@@H]43)C1,CC1=C(C)C(=O)OC([C@@H](C)C2CCC3C2=CC=C2C3[C@@H](C)CO[C@@H]3C[C@@H](O[C@@]4(O)[C@H](O)[C@@H](O)[C@](O)(CO[C@@H]5O[C@H](CO)[C@@H](O)[C@H](O)[C@H]5O)[C@H]4O)CC[C@]23C)C1,C[C@@H]1C[C@H](O[C@@H]2OC(=[O+][C@H]3O[C@H](CO)[C@@H](O)[C@H](O)[C@H]3O)[C@@H](O)[C@H](O)[C@@H]2O)CC2=CC[C@H]3CCC[C@@H]4[C@H](C)O[C@]4(O)CC[C@@H]3[C@@]2(C)[C@@H]1O,CC1=C(CO)C(=O)O[C@@H]1[C@@H](C)[C@H]1CC[C@@]2(C)[C@@H]3CC[C@H](C4CC4CCC(=O)O)[C@@]3(C)CC[C@@H]12,CC1=C(CO)C(=O)O[C@H]([C@@H]2[C@H](C)[C@@H]2CC[C@@H]2CC=C3C[C@@H]4C[C@@H](O)[C@]3(C)CCC[C@]2(C)[C@@H](O[C@@H]2CO[C@H](O[C@H](CO)[C@@H](O)[C@H](O)CO)[C@H](O)[C@H](O)[C@H]2O)O4)C1,CC1=C(CO)C(=O)O[C@@H]2CC(=O)[C@@]3(C)C(=CC[C@H]4[C@H]5CC[C@H]([C]5CC[C@@H]43)[C@@H]2C)C[C@@H]2O[C@@H](CO)O[C@H](CO[C@H]3O[C@H](C1)[C@@H](O)[C@H](O)[C@H]3O)[C@@H](O)[C@H](O)[C@H]2O,CC1=C(CO)C(COC2CCC3(C)C(=CCC4C5CCCC5(C)CCC43)C2)OO1,[3H]O[C@H]1[C@H](O)[C@H](O)O[C@H]1CO[C@@H]1O[C@H](CO)[C@@H](O)[C@H](O)[C@H]1O,OC[C@H]1O[C@@H](OC[C@@H]2O[C@H](O)[C@@H](O)[C@@H](O)[C@@H]2O)[C@H](O)[C@@H](O)[C@@H]1O,OC[C@@H]1O[C@@H](OC[C@H]2O[C@H]3O[C@@H]3[C@@H](O)[C@@H]2O)[C@H](O)[C@@H](O)[C@@H]1O,OC[C@@H]1O[C@@H](O)[C@H](O[C@@H]2O[C@H](CO)[C@@H](O)[C@H](O)[C@H]2O)[C@@H](O)[C@@H]1O,CO[C@@H]1O[C@H](CO)[C@H](O)[C@@H](O)[C@@H]1O,CC[C@H]1CC[C@H]2[C@@H]3C[C@@H](O)CC[C@H](C)[C@H]3CC[C@]12C,,,,,,,,,,,,,,
COC1=C(C=C(C=C1)C2=NCCN2)C3=CN(N=N3)C4=CC=CC(=C4)C5=NCCN5,MassSpecGymID0179811,Cn1cc(-c2cc(Cc3cc(-c4ccc5c(c4)C(=O)CC5)nn3C)n(C)n2)nn1,Cn1cnc(-c2ccc3cc(-c4cn(CCN5CCC(=O)C5)nn4)cnc3c2)c1,Cc1c(-c2cc(-c3cn(C)nn3)cc3c2CCC3=O)c(-c2cn(C)nn2)cn1C,CN1CCC1C1=NC(c2ccc(-c3cc(-c4cnn(C)c4)n(C)n3)cc2)=NC1=O,Cn1cc(-c2ccc(-c3cc4c(c(-c5cn(C)c(=O)[nH]5)cn4C)n3C)cc2)nn1,Cn1cc(-c2ccc3c(c2)C(=O)CCN3)nn1,Cn1cc(-c2cc3cc(c2)NCCN(c2ccccc2)C3)nn1,CN1CCc2cc(-c3cnn(C)c(=O)n3)ccc21,CC1NN=C1c1ccc(-c2cc(=O)n(C)nn2)cc1,Cc1cc(Cc2ncc(-c3ccccc3)cc(=O)n2)nn1C,Cn1cc(-c2ccccn2)nn1,Cn1cc(-c2ccc(-c3nccn3C)cc2)nn1,Cn1cnc(=O)c(-c2ccccc2)c1,Cn1cc(-c2ccccc2)nn1,Cn1cc(-c2ccc(-c3cn(C)nn3)cc2)cn1,Cn1cc(-c2ccc(-c3cc(C4(C)CCN4)c([O])cc3-c3cn(C)nn3)cc2)nn1,Cn1cc(-c2ccc(-c3ccc(-c4cn(C)nn4)cc3)nc2)cn1,Cn1cc(-c2ccc(-c3cc(=O)n(C)[nH]3)cc2)nc1-c1ccc[nH]1,Cn1cc(-c2ccn(C)c(=O)c2)nn1,Cn1cc(-c2cc3ccccoc2cc3)nn1,Cn1nccc1-c1ccccc1,Cc1cc(-c2cccn(C)c2=O)nn1C,Cc1cc(-c2cnn(C)c2C)c(C)c(-n2cc(-c3cnn(C)c3C)cnc2=O)n1,Cc1ccc(-c2cn(C)c(-n3ccnn3)n2)cc1,Cn1cc(-c2ccc(-c3ccn(C)n3)cc2)nn1,Cc1nc(-c2ccc3[nH]cc(O)c3c2)cn1C,Cn1cc(C2=CC3=CC(c4cn(C)nn4)=CC3=CC2=O)cn1,Cc1cn2nc(-c3cn(C)[nH]c3=O)nc2cn1,Cn1cnc(-c2ccc3cc(-[n+]4cnc(NN5CCC(=O)C5)cn4)ccc3c2)c1,Cc1nn(C)cc1-c1ccc2nc(-c3cn(C)c[o+]3)cc(-c3cn(C)nn3)c2c1,Cc1cccc(-c2ccccn2)n1,Cn1ccc(-c2ccc(-c3cn(C)nn3)cc2)c1,Cn1cc(-c2ccc(C(C(=O)CC[ClH+])c3ccc(-c4cn(C)nn4)cc3)cc2)nn1,Cn1ccnc1-c1cc(C2=CC3=CC(=O)N3C=C2)nn1C,Cn1cnc(-c2cc[o+]c(CCn3ccc4nc#ccc43)c2)c1,CN1N=CC=CCC1=O,CN1C=[NH+]NCC1,O=C1CCNCC1,Cn1ccnn1,CC1C=CNC1=O,Cn1[c]cnn1,Cn1cncn1,C[N+]1(C)CCN1,c1ccccc1,C,,,,,,,,,,,,,
C1=CC=C(C(=C1)CC(=O)NC2=CC=C(C=C2)C3=C(C=C(C=C3)C(C(F)(F)F)(C(F)(F)F)O)F)[N+](=O)[O-],MassSpecGymID0236112,O=[O+][N-]c1ccc(NC(=O)Cc2ccc(-c3ccc(C(O)(C(F)(F)F)C(F)(F)F)cc3F)cc2)cc1,O=C(Nc1ccc(C(=O)O)cc1)Nc1ccc(-c2ccc(C(O)(C(F)(F)F)C(F)(F)F)cc2F)cc1,O=C(O)Nc1ccc(NC(=O)c2ccc(-c3ccc(C(O)(C(F)(F)F)C(F)(F)F)cc3F)cc2)cc1,O=C(O)Nc1ccc(C(=O)Nc2ccc(-c3ccc(C(O)(C(F)(F)F)C(F)(F)F)cc3F)cc2)cc1,O=C(NO)c1ccc(C(=O)Nc2ccc(-c3ccc(C(O)(C(F)(F)F)C(F)(F)F)cc3F)cc2)cc1,O=C(Cc1cc([O-])cc([O-])c1)Nc1ccc(Nc2ccc(C(O)(C(F)(F)F)C(F)(F)F)cc2F)cc1,O=C(Cc1ccc(-c2ccc(C(O)(C(F)(F)F)C(F)(F)F)cc2F)cc1)Nc1ccc(C(=O)O)cc1,O=C(O)Nc1ccc(NC(=O)Cc2ccc(-c3ccc(C(O)(C(F)(F)F)C(F)(F)F)cc3F)cc2)cc1,O=C(O)Nc1ccc(CC(=O)Nc2ccc(-c3ccc(C(O)(C(F)(F)F)C(F)(F)F)cc3F)cc2)cc1,[O]C(=O)Nc1ccc(NC(=O)Cc2ccc(-c3ccc(C(O)(C(F)(F)F)C(F)(F)F)cc3F)cc2)cc1,Nc1ccc(NC(=O)Cc2ccc(-c3ccc(C(O)(C(F)(F)F)C(F)(F)F)cc3F)cc2)cc1,O=C(Cc1ccc(-c2ccc(C(O)(C(F)(F)F)C(F)(F)F)cc2F)cc1)Nc1ccc(C(=O)NO)cc1,O=C(Cc1ccc(C(=O)NO)cc1)Nc1ccc(-c2ccc(C(O)(C(F)(F)F)C(F)(F)F)cc2F)cc1,O=C(CO)Nc1ccc(C(=O)Nc2ccc(-c3ccc(C(O)(C(F)(F)F)C(F)(F)F)cc3F)cc2)cc1,NCC(=O)Nc1ccc(-c2ccc(C(O)(C(F)(F)F)C(F)(F)F)cc2F)cc1,O=[13CH]CC(=O)Nc1ccc(-c2ccc(C(O)(C(F)(F)F)C(F)(F)F)cc2F)cc1,[2H][13C]([O])([O-])Nc1ccc(NC(=O)Cc2ccc(-c3ccc(C(O)(C(F)(F)F)C(F)(F)F)cc3F)cc2)cc1,O=C(Nc1ccc(C(=O)CO)cc1)Nc1ccc(-c2ccc(C(O)(C(F)(F)F)C(F)(F)F)cc2F)cc1,O=C(CNc1ccc(C(=O)CO)cc1)Nc1ccc(-c2ccc(C(O)(C(F)(F)F)C(F)(F)F)cc2F)cc1,O=C(O)CNc1ccc(C(=O)Nc2ccc(-c3ccc(C(O)(C(F)(F)F)C(F)(F)F)cc3F)cc2)cc1,[O]C(=[F+])C(O)(F)c1ccc(CC(=O)Nc2ccc(-c3ccc(C(O)(F)C(F)(F)F)cc3F)cc2)cc1,NC(=O)CC(=O)C(=O)Nc1ccc(-c2ccc(C(O)(C(F)(F)F)C(F)(F)F)cc2F)cc1,[O]C(Cc1ccc(C(=O)Nc2ccc(-c3ccc(C(O)(C(F)(F)F)C(F)(F)F)cc3F)cc2)cc1)[NH+]=O,O=C(Cc1ccc(NO)cc1)Nc1ccc(C(=O)c2ccc(C(O)(C(F)(F)F)C(F)(F)F)cc2F)cc1,CC(=O)c1ccc(-c2ccc(C(O)(C(F)(F)F)C(F)(F)F)cc2F)cc1,O=C(O)c1ccc(N[O+]c2ccc(-c3ccc(C(O)(C(F)(F)F)C(F)(F)F)cc3F)cc2)cc1,O=C(Cc1ccc(-c2ccc(F)cc2F)cc1)Nc1ccc(C(=O)NOO)cc1,O=CNc1ccc(-c2ccc(NC(=O)Cc3cc(F)cc(C(O)(C(F)(F)F)C(F)(F)F)c3)cc2)cc1,O=CCCC(=O)c1ccc(-c2ccc(C(O)(C(F)(F)F)C(F)(F)F)cc2F)c(F)c1,O=C(CO)Nc1ccc(-c2ccccc2F)cc1,O=CNc1ccc(-c2ccc(C(F)(C(F)(F)F)C(F)(F)F)cc2F)cc1,O=C(Nc1ccc(C(=O)C(O)(C(F)(F)F)C(F)(F)F)cc1)c1ccc(-c2cc[nH]c2F)cc1,O=C1C=CC(CC(=O)C(=O)Cc2ccc(-c3ccc(NC(O)(C(F)(F)F)C(F)(F)F)cc3)c(F)c2)=C1,NC(=O)CNc1ccc(C(O)(C(F)(F)F)C(F)(F)F)cc1,O=C(O)Nc1ccc(NC(=O)Cc2ccc(-c3ccccc3)cc2)cc1,O=C(O)Cc1ccc(NC(=O)Nc2ccc(-c3cccc(C(F)(C(F)(F)F)C(F)(F)F)c3)cc2)cc1,O=CNc1ccc(NC(=O)c2ccc(-c3ccc(O)cc3C(F)(C(F)(F)F)C(F)(F)F)cc2)cc1,O=C(Cc1ccccc1)Nc1ccccc1,Nc1ccc(-c2ccc(NC(=O)CO)cc2)cc1,CC(=O)Nc1ccc(C(F)(C(F)(F)F)C(F)(F)F)cc1,O=C(Cc1ccccc1)c1ccc(C(F)(C(F)(F)F)C(F)(F)F)cc1F,Nc1ccc(O[N+](=O)Cc2ccc(-c3ccc(C([O-])(C(F)(F)F)C(F)(F)F)cc3F)cc2)cc1,OC(c1cccc(F)c1)(C(F)(F)F)C(F)(F)F,O=C(Cc1ccccc1)Nc1ccc2c(=O)c2c1,Nc1ccc(-c2ccc(C(O)(C(F)(F)F)C(F)(F)F)c(F)c2O)cc1,O=C(NO)Nc1ccc(CC(=O)c2ccccc2)cc1,O=C(CO)NCc1ccc(C(O)(O)NC2=CC=Cc3cc(F)c(C(F)(F)C(F)(F)F)cc3C=C2F)cc1,CC(=O)Nc1ccc(NC(=O)C(=O)CO)cc1,O=C(O)Nc1ccc(C(=O)NC(=O)c2ccccc2)cc1,Fc1cc(C(F)(C(F)(F)F)C(F)(F)F)ccc1Oc1ccccc1,O=C(NNO)c1cccc(C(=O)c2ccccc2)c1,O=CNC(F)(C(F)(F)F)C(F)(F)F,OC(C(F)(F)F)C(F)(F)F,Nc1ccc(N(O)O)cc1,O=COF,,,
CC(=O)NC1CCC2=CC(=C(C(=C2C3=CC=C(C(=O)C=C13)NC(CCSC)C(=O)N4CCN(CC4)CC5=CC6=C(C=C5)OCO6)OC)OC)OC,MassSpecGymID0380611,C=C1SCC(NC(C[NH])CCNc2ccc3c(cc2=O)C(=O)CCC3NC(C)=O)c2cc(C[OH2+])cc(OC)c2-c2cc(OC)c1c(OC)c2OC,CNCC(Nc1ccc2c(cc1=O)NN(SCC(=O)C(C)C)CCC2=O)C1CCc2cc(OC)c(OC)c(OC)c2C(=O)c2cc(OC)ccc21,COc1cc(C2CCCNC(=O)c3c(cc(NCCCC(=O)Nc4sc5ccccc5c4NC(C)=O)c(OC)c3OC)CC2)cc(OC)c1OC,COc1cc2c(cc1NCCC(N)=O)CCC(C(=O)C(C)C)CCc1cc(OC)c(OC)c(OC)c1-2,[CH2]Cc1cc2c(cc1N)C(NC(=O)C(NC(C)=O)C(C)NSc1ccc3c(cc1=O)Cc1cc(OC)c(OC)c(OC)c1-3)CCC2,COc1cc2c3c(OC)c1OC(CCc1ccc(NCCC(CNC(=O)CNSC(C)=O)OC)c(=O)cc1-3)CC2,COc1cc2c(cc1NCCC(=O)N[C@H]1CCc3cc(OC)c(OC)c(OC)c31)C(N1CCc3cc(OC)c(OC)cc3C(N)S1)C(=O)CC2,COc1cc2c(c(OC)c1OC)-c1cc(NC(=O)CCCN)c([NH-])cc1CC2,COc1cc2c(cc1CNCCC=O)CC(N(Nc1ccc3c(cc1=O)Sc1c(OC)c(OC)c(OC)c-3c1OC)C(=O)C(C)C)CC2,COc1cc2c(c(OC)c1OC)[C@@H](NC(=O)CCN)CC2,CCC(=O)N[C@@H]1CCc2cc(OC)c(OC)c(OC)c21,COc1ccc2c(c1OC)[C@H](NC(C)=O)CC2,COc1cc2c(c(OC)c1OC)C(=O)c1ccc(NCCCC=O)c(c1)CC2,COc1cc2c(cc1NC(C)C)CCC(NC(=O)CCCO)C(Nc1ccc(OC)c(OC)c1OC)SC(=O)C=C1c3ccccc3N12,COc1cc2c(cc1[NH-])C(NC(=O)C(C)=O)[S+]=CN(CC(Nc1ccc(OC)c(CCc3cc(OC)c(OC)c(OC)c3)cc1=O)C(C)C)CC2,[CH2]C(C)N[C@@H]1CCc2cc(OC)c(NCC(N)=O)cc21,CNc1ccc2c(c1)CCC2N(C(=O)NC1CCc2c1cc(OC)c(OC)c2OC)c1cc(OC)c(CCCC(=O)NSC)c(OC)cc1=O,COc1cc2c(cc1OC)C(NC(=O)C(=O)Nc1c(N)c(OC)cc(OC)c1OC)CC2,COc1cc2c(c(OC)c1OC)C(CNC(=O)CCCN)CCc1cc-2c(OC)c(SC(=O)C(C)C)c1[NH],COc1ccc2c(c1)C(NC(=N)SC(C)C)c1c(OC)ccc(NC(C(=O)NCCC(C)=O)C(O)OC)c1-2,COc1cc2c(c(OC)c1OC)[C@@H](SC(=O)[C@H](C)C(=O)NCC(CN)OC)CC2,CONc1cc(=O)c(CCC2Cc3cccc(OC)c32)ccc1NCCCC(=O)NC(C)C,CCN(CCC(NS)c1cc(=O)c2ccc1C(NC(C)=O)CCc1c(OC)c(OC)c(OC)c(c1-c1ccccc1OC)NC(=O)CN2)C(C)=O,CC(C)C(=O)N[C@H]1c2ccc(NC(=O)CCCN)c(=O)cc21,COc1ccc(NCCCC(COC(C)C)Nc2ccc(=O)n3c4cccc(NC(C)=O)c4c4c(OC)c(OC)ccc4c23)c(OC)c1OC,CNc1cc(OC)c(N2CCc3ccccc3C2)c(C(=O)SCCNC(C)=O)c1OC,COc1ccc2c(c1OC)CCN1C(NC(=O)CCCN)c3cc(OC)c(OC)c(OC)c3C21,CO[C](C)N1CCN(OC(=O)Oc2cc3c(cc2NC(=O)C(C)C)CCN2CCc4c(cc(OC)cc4-c4cc(OC)c(OC)c2c4)S3)CC1,COc1cc2c(cc1NCNCCC(=O)N1C(=O)C(C)N1C)Cc1ccc(=O)c(OC)cc1-2,COc1cc2c(cc1OC)C(NC(CN)CC[NH+]=C(C)N(C)C)CC2,COc1cc(NCCC[NH3+])c(-c2ccc(OC)c(OC)c2OC)c(SN)c1,CC[C@@H]1CCc2c(OC)c1c(NCC[C@H](N)C[NH])ccc2=O,COc1cc2c(OC)c(c1)-c1c(ccc(OC)c1OC)CN1CCN1CC2,COCCCN(C[C@@H](C)c1c(OC)c(OC)cc2c1-c1ccccc1C2=O)SCONNC(=O)C=[N-],COc1c2ccc(c1OC)C(=[O+]SCCC(=O)C(C)C)[C@H](N)CC[C@@H](OC)C2,COc1cc2c(cc1OC)[C@@](N)(C(C)=O)N(SCN)CC2,COc1c(SC(C)=N)cc(N)c2c1C(OC)c1ccccc1C2=O,COc1cc2c(c(OC)c1OC)CCC2,CCCC(Nc1ccc(OC)c(OC)c1OC)OC,CCCC(SC)c1cc(-c2c3cc(OC)c-3cc2=O)cc(OC)c1OC,C=[O+]Nc1cc(C)c(OC)c(OC)c(N)cc(C(=O)C(C)C)c(OC)c1,CCc1cc(OC)c(OC)c(OC)c1,C=C(NCCCC)NSC1(OOC)C=CC(OC)=C(C(C)C)C=C1CC,C=C(C)N1CC(=C2C(=O)C(NC(=O)CCCN)=CC=C2NC)C1,CC(C)C(=O)NCCC(N)=O,CC(C)C(=O)NCC(=O)O,C[N-]C(=O)[NH2+]SNCCCCNC(C)=O,CC(=O)NC(CS)CCC(N)=O,CCNC(C)=O,CC(N)C(=O)SCON,C=C(C)NSNC(C)C,CC(C)C(N)=O,NCCCC(N)=O,CC(N)C(C)CN,NCCCC(N)SN,,,
CCC(CC)C1=NN=C(S1)NC(=O)CS(=O)(=O)CC2=CC=CC=C2,MassSpecGymID0211487,CCC(CC)c1nnc(NC(=O)CS(=O)(=O)Cc2ccccc2)s1,CCC(C)c1nnc(NC(=O)CS(=O)(=O)CCc2ccccc2)s1,CCc1nnc(NC(=O)CS(=O)(=O)CCCCc2ccccc2)s1,[3H]CCC(C)Cc1nnc(NC(=O)CS(=O)(=O)Cc2ccccc2)s1,CCC(CC)c1nnc(NC(=O)CS(=O)(=O)c2cccc(C)c2)s1,CCC(CC(=O)Nc1nnc(C(C)O)s1)[S+]([O-])Cc1ccccc1,CCC(CC)[C]([O])Cc1nnc(NS(=O)(=O)Cc2ccccc2)s1,CCC(CCc1nnc(NS(=O)(=O)Cc2ccccc2)s1)C1C[O+]1,[3H]CCC(O)(CC(C)=O)c1ccc(C(=O)Nc2nnc(C(C)C)s2)s1,CCC(C)c1nnc(NC(=O)CS(=O)(=O)Cc2ccccc2)s1,CCC(CC)c1nnc(NC(=O)CS(=O)(=O)CCc2ccccc2)s1,CCC(CC)c1nnc(NC(=O)CS(=O)(=O)[CH-]Cc2ccccc2)s1,[3H]OCC(=O)Nc1nnc(C(CC)CS(=O)(=O)CCc2ccccc2)s1,CCC(C)c1nnc(NC(=O)CS(=O)(=O)CC)s1,CCC(CCc1ccccc1)c1nnc(NC(=O)CC=S(=O)=O)s1,CC[C-](C(=O)CS(=O)(=O)Cc1ccccc1)c1nnc(C(C)C)s1,CCCCc1nnc(NC(=O)CS(=O)(=O)[CH-]c2ccccc2)s1,CCCc1nnc(NC(=O)SS(=O)(=O)Cc2ccccc2)s1,CC[C@H](Nc1nnc(C(C)C)s1)C(=O)[O+]CS(=O)(=O)c1ccccc1,CCC(CC)c1cnc(NC(=O)CS(=O)(=O)CC[n+]2ccccc2)s1,[2H]C([2H])(C)Nc1nnc(C(=O)CS(=O)(=O)CCC(CC)c2ccccc2)s1,CC(C)C(=O)Cc1nnc(NC(=O)C[S+]([O-])Cc2ccccc2)s1,C=C1N=CN(NC(=O)CS(=O)(=O)CCc2ccccc2)S1,NC(=O)CS(=O)(=O)Cc1ccccc1,CC(=[O+]NC(=O)C[S+]([O-])Cc1ccccc1)c1nnc(C(C)C)s1,CC(C)c1nnc(S(C)(C)CC(=O)[O+][CH-]c2ccccc2)s1,NC(=O)CS(=O)(=O)CCc1ccccc1,CCNc1nnc(C(C)C)s1,[2H]CCN(C(=O)CS(=O)(=O)CCc1ccccc1)c1nncs1,O=CCS(=O)(=O)CCCc1ccccc1,CCC(CCC1C[NH+]=S=C1OC(=O)C[C]=O)c1nnc(C(C)C)s1,CCCS(=O)(=O)c1nnc(Nc2cc3cc(=O)c-3c2C(C)C)s1,Cc1ccc(NC(=O)C(C)OS(=O)CCc2ccccc2)nc1,CCC(C)[n+]1ncc(CC(=O)CS(=O)(=O)CC[n+]2ccccc2)s1,CCS(=O)(=O)CC(C)c1ccccc1,CCC(C(N)=O)C(Cc1ccccc1)C(=[O+])C(C)=O,CCC(=O)N1C=NN=C(C(CC)C[S+]([O-])C(=O)Cc2ccccc2)S1,CCC(C[N-]S(=O)(=O)C1=[SH]C(C(C)C)=[NH+]C(=O)C1)c1ccccc1,O=C(Cc1ccccc1)[N-]c1nncs1,CCC(C)c1nnc(N)s1,CC(C)c1nnc(N)s1,CC(C)c1nncs1,[3H]CC(C[S+]([O-])N=c1[nH]c(S([3H])(O)C(C)C)ns1)C(=O)c1ccccc1,CCCCS(=O)(=O)C[O+]=C=C1CC=C([O])[N-]1,CCC(C)C(N)=O,CCC(CC)[N-]C(C)=O,CC[NH+]c1nncs1,CCCC(C)=O,CCCCC,[3H]CCCNC,c1ccccc1,c1csc[nH+]1,NC1=CNSS1,[CH2+]C1CC1,,,,
C1CC2CCC1[C@@H]([C@H]2NC3=NC(=NC=C3F)C4=CNC5=C4C=C(C=N5)F)C(=O)O,MassSpecGymID0225773,O=C(CO)C1C2CCC(C2)[C@@H]1Nc1nc(-c2c[nH]c3ncc(F)cc23)ncc1F,O=C(O)[C@@H]1CC[C@H](C2CC2)[C@@H]1Nc1nc(-c2c[nH]c3ncc(F)cc23)ncc1F,C[O+]C(=O)CC1C(Nc2nc(-c3c[nH]c4ncc(F)cc34)ncc2F)C1C1CC1,O=COC[C@H]1[C@H]2CC[C@@H](C2)[C@@H]1Nc1nc(-c2c[nH]c3ncc(F)cc23)ncc1F,O=C(CO)C1C2CCC(CC2)C1Nc1nc(-c2c[nH]c3ncc(F)cc23)ncc1F,O=C(NO)C1C2CCC(CC2)C1Nc1nc(-c2c[nH]c3ncc(F)cc23)ncc1F,O=C([CH]O)C1C2CCC(CC2)C1Nc1nc(-c2c[nH]c3ncc(F)cc23)ncc1F,O=C(O)C1C2CCC(C2)C1Nc1nc(-c2c[nH]c3ncc(F)cc23)ncc1F,O=C(O)CC1C2CCC(CC2)C1Nc1nc(-c2c[nH]c3ncc(F)cc23)ncc1F,O=C(CO)C1C(Nc2nc(-c3c[nH]c4ncc(F)cc34)ncc2F)C1C1CC1,[3H]C(O)CC(=O)C1C2CCC(C2)C1Nc1nc(-c2c[nH]c3ncc(F)cc23)ncc1F,O=CC1C2CCC(C2)C1Nc1nc(-c2c[nH]c3ncc(F)cc23)ncc1F,O=C(O)Nc1nc(-c2c[nH]c3ncc(F)cc23)ncc1F,CC(=O)Nc1nc(-c2c[nH]c3ncc(F)cc23)ncc1F,NC1CC2CCC1[C@@H]2Nc1nc(-c2c[nH]c3ncc(F)cc23)ncc1F,Fc1cnc2[nH]cc(-c3ncc(F)c(N[C@@H]4C[C@@H]5CC[C@H]4C5)n3)c2c1,OOC[C]1C2CCC(CC2)C1Nc1nc(-c2c[nH]c3ncc(F)cc23)ncc1F,O=CC[O+]1C2CCC(CC2)C1Nc1nc(-c2c[nH]c3ncc(F)cc23)ncc1F,O=C(NO)C1=C(c2nc(-c3c[nH]c4ncc(F)cc34)ncc2F)C2CCC1CC2,O=C(O)CNC1CCC2CCC1C2c1nc(-c2c[nH]c3ncc(F)cc23)ncc1F,O=C(NCC1(CO)C2CCCCC21)c1nc(-c2c[nH]c3ncc(F)cc23)ncc1F,O=C(O)CC1C2CCC(C2)C1CNc1nc(-c2c[nH]c3ncccc23)ncc1F,O=C(CO)C1C2CCC(CC2)N1Nc1nc(-c2c[nH]c3ncc(F)cc23)ccc1F,Nc1nc(-c2c[nH]c3ncc(F)cc23)ncc1F,O=C(NO)c1nc(N[C@@H]2C3CCC(CC3)[C@@H]2c2c[nH]c3ncc(F)cc23)c(F)[nH]1,Fc1cnc(-c2c[nH]c3ncc(F)cc23)nc1,Fc1nc(-c2c[nH]c3ncccc23)nc(N[C@@H]2C[C@@H]2C2CC2)c1F,Nc1nc(C(=O)CO)nc(-c2c[nH]c3ncc(F)cc23)c1F,O=CONc1cc(F)c(N[C@@H]2C3CCC(CC3)[C@@H]2c2c[nH]c3ncc(F)cc23)[nH]1,NC1C2CCC(C2)C1Nc1nc(-c2c[nH]c3cc(F)ccc23)c(C(=O)NO)cc1F,O=C(CO)C1C2CCC(CC2)C1c1nc(-[n+]2c[nH]c3ncc(F)cc32)ncc1F,Fc1ncc(NC2C3C4CCC(C4)C23)nc1-c1c[nH]c2c(F)cccc12,[O]C(=O)CC1CCC(C2Nc3nc(ncc3F)-c3ccc(F)cnc2[nH]c3)CC1,O=C(NO)c1ccc(F)nc1NC1C2CCC1CC2,Fc1cnc2[nH]ccc2c1,Oc1cc(-c2ccc(F)cnc(OC3C4C=CN43)[nH]c2)ncc1CNC1CC1,NC1C2c3ccc(F)cnc([nH]c3)CC3C1C32,O=C(NO)NCC1(C2CC2)CC1,CC1CCCCC2C(N)C12,,,,,,,,,,,,,,,,,,,
CC1=NC(=CC(=N1)NC2=CC=CC=N2)NCCNC(=O)C3=CC=C(C=C3)Cl,MassSpecGymID0212445,Cc1cc(C)nc(N2CCn3nc(NC(=O)c4ccc(Cl)cc4)cc3C2)n1,Cc1cc(NC(=O)c2ccc(Cl)cc2)cc(N2CCn3nnc(C)c3C2)n1,CC1=NC(Nc2ccc(Cl)cc2)=CC(NN)=NN1C(=O)c1ccc(C)cc1,Cc1nnc(N2CCN(c3ccc(NC(=O)c4ccc(Cl)cc4)cc3)CC2)[nH]1,Nc1cc(NC(=O)c2ccc(Cl)cc2)nc(N2CC2)n1,Cc1nnc(C)n1Nc1ccccc1NCCNC(=O)c1ccc(Cl)cc1,Cc1cc(N2CCN(c3cccc(NC(=O)c4ccc(Cl)cc4)n3)CC2)n[nH]1,Cc1nnc2ccc(N3CCN([CH]CC(=O)c4ccc(Cl)cc4)CC3)nn12,CCCNC1=C(Nc2ccnc(NNC(=O)c3ccc(Cl)cc3)c2)C(C)=N1,Cc1cc(C)nc(N2CCn3cc(NC(=O)c4ccc(Cl)cc4)nc3C2)c1,Cc1ccc2nnc(N3CCN(NNC(=O)c4ccc(Cl)cc4)CC3)cc2c1,Cc1nnc2ccc(N3CCC(=CC(=O)c4ccc(Cl)cc4)CC3)nn12,CN1CCN1CC(=O)c1ccc(-c2cc(Nc3ccc(Cl)cc3)nnn2)cc1,CNc1cccc(-n2cc(N3CCN(C(=O)c4ccc(Cl)cc4)CC3)nn2)c1,Cc1nnc2ccc(NCCc3ccc(Cl)cc3)nn12,CC1=C[N]C(N2CCN(c3ccc(NC(=O)c4ccc(Cl)cc4)[nH]3)CC2)=N1,NCCNc1ccc(C(=O)NNNc2ccc(Cl)cc2)cc1,Clc1ccc(Nc2cn3nc(Nc4ccccc4)cc3nn2)cc1,Cc1cc(N2CC2)cc(Nc2cc(C)[o+]c(Nc3ccc(Cl)cc3)n2)n1,NCCNC(=O)c1ccc(Cl)cc1,Nc1ccc(NC(=O)c2ccc(Cl)cc2)cc1,Clc1ccc(Nc2ccc3c4n(c-3nn2)CC4)cc1,Clc1ccc(Nc2cccc(N3CCNCC3)n2)cc1,O=C(Cl)c1ccc(Nc2cnnc(N3CCNC3)n2)cc1,O=C(NNc1cccc(Nc2cc[n+]3c(n2)CCCC3)n1)c1ccc(Cl)cc1,NCCNc1ccc(C(=O)NCl)cc1,O=C(Nc1ccc(Cl)cc1)N1CCN1,CCc1cnc(Nc2ccc(C(=O)N(CCN)c3ccc(Cl)cc3)cc2)nn1,Clc1ccc(Nc2ccccc2)cc1,[CH-]=C1N=NC(NC(=O)c2ccc(Cl)cc2)=CC1=N[CH]n1c(C)cc(C)c1C,NC(=O)c1ccc(Cl)cc1,CCNc1ccc(C(C)=O)cc1,CCc1cccc(Nc2ncnc(C)n2)c1,Nc1ccc(CC(=O)c2ccc(Cl)cc2)cc1,O=CNc1ccc(Cl)cc1,Clc1ccc(CONCCCC2=CC=C(N3CC3)C=CN=N2)cc1,O=CNNc1ccc(Cl)cc1,NC1=CC=CN([NH2+]C(=O)c2ccc(Cl)cc2)C=C1,Cc1nnc2ccc(N)nn12,Nc1ccc(C(=O)N[NH3+])cc1,[2H]C1=C([2H])C([2H])(c2ccc(Cl)cc2)N1CCc1cc(N)ccn1,Clc1ccccc1,Cc1cnc2n1N(c1ncccn1)CC2,CC(=O)c1ccc(CCN)cc1,CC(=O)c1ccc(N)cc1,[CH2+]c1nnc(C)n1Nc1ccccc1N[CH+]C,Nc1ccc(Cl)cc1,[14CH3]CCNc1ccc(N)cc1,NC(=O)c1ccc(N)cc1,O=C1Nc2cc1ccn2,C1CNCCN1,C,,,,,,
CC1=C2COC(=O)C2=C(C3=C1OC4(CC(C56C(OC(O5)(CC(C6(C4C3)C)O)OC)(C)C)O)C)OC,MassSpecGymID0190113,COC(=O)CC[C@@]1(C)CCC2=C1O[C@@]1(C)[C@H](Cc3c(c(O)c(C)c(O)c3OC)CO2)[C@H]1OC(C)=O,COC(=O)C[C@@]1(C)CC[C@]2(C)[C@@H]1Cc1c(O)c(C)c(C)c(OC(C)=O)c1O[C@]1(COC1=O)[C@@H]2OC,COC(=O)CCC1(C)CCC23C(=O)COC2c2c(C)c(OC)c(C)c(O)c2C(=O)CC(O)C3C1O,COC(=O)CCC1(C)CCC2(C)COc3c(c(OC)c(C)c(O)c3OC(C)=O)CC(=O)C(C)(O)C12,COC(=O)CC[C@]1(C)CCc2c(C)c(C)c(OC)c(O)c21,COC(=O)CC1(C)CC(=O)OC2(C)CCC(=O)c3c(O)c4c(c(C)c32)OCC(OC)(OC)C1C4,COC(=O)CCC1(C)CCC2(C)CCC(=O)c3c(O)c(C)c(OC(C)=O)c(O)c3OCC2C1OC,COC(=O)CC[C@@]1(C)O[C@@]2(COc3cc(C)c(C)c(OC)c3O)CCC(=O)[C@@]2(C)[C@H]1OC(C)=O,COC(=O)CCC1(C2=C(C)C(OC)=C(O)OC2(C)C)CCC(=O)c2c(O)c(C)c(C)c(O)c2O1,COC(=O)CCC1=COC2(C)CCC(CCc3c(O)c(C)c(C)c(OC)c3CC1=O)O2,COC(=O)CC[C@]1(C)CCC2=C(OC)C(=C(O)OC2)CO1,CC[C@]1(C)C(O)C2=C(COC2=O)O[C@]1(C)CCC(=O)OC,CCC1(C)CCC(=O)c2c(O)c(OC)c(C)c(C)c2O1,COc1c(O)c(C)c(C)c2c1CC(O)C(=O)O2,COC(=O)C[C@]1(C)Oc2c(C)c(O)cc(O)c2OC[C@H]1C,COC(=O)CCC1(C)CCC(=O)C(=O)C(O)C1,COC1=C(C(C)=O)OCc2c(O)c(C)c(C)c(O)c21,COC(=O)CC1(C)C(=O)CCC(O)CC2=C1OCC1=C(C)C(OC)=C(C)CC(OC1)C2OC(C)=O,COc1c(C(=O)O)c(C)c(C)c2c1[C@@]1(C)CC[C@@]3(C)C[C@H](OO)[C@@H](O)[C@H](OC(C)=O)[C@@H]3[C@H]1CO2,COC(=O)CCC1(C)CCC23C(=O)COC2=C2C(C)=C(O)C=C(C)C(O)=C2C(=O)CC(O)C3C1O,COC(=O)CC[C@@]1(C)C(=O)O[C@H](C)[C@@H]1OC(C)=O,COC(=O)CC[C@]1(C)CCc2c(O)cc(OC(=O)[C@H](OC)C3=C(O)CC3)c(C)c2CO1,COC(=O)CCC1(C)OC(OC)=CC1C,COC(=O)CC[C@]1(CC(=O)OC)CCC(C)(C)OC1=O,COC(=O)CC[C@]1(CC(=O)OC)C2C(=O)CC[C@]21C,COc1c(C)c(O)c2c(c1C)OC2=O,COC(=O)CC[C@@]1(C)CC[C@]2(C)C(CO)=CC(=O)[C@@H](O)C[C@H]12,COC(=O)CCC1(C)CCC2(C)C(=O)C(C)C12C(C)=O,COC(=O)CCC1(C)C(=O)C(CCC(C)Cc2c(C)c3c(O)c-3c2C(=O)CO)=CC1OC,CC[C]1COC2=C(COC(=O)[C@]1(C)CCC(=O)OC)C(C)=C(OCOC(C)=O)C=C(C)C(O)=C2C,COC(=O)CC[C@]1(C)CO[C@]2(C)[C@@H](OC)[C@@H]12,COC(=O)CCC1COC2=C(OC)C(C)=C(C(C)=O)C3C(O)C(O)=CC=C2OC(O)C3(C)CCC1C,COC1(C)CCc2c(c(O)[c-](C)c2C)O1,CCc1c(C)c(O)c(C)c(O)c1OC(C)=O,COC(=O)CCC1(C)C(C)=C(C)C1(C)C(=O)OC,COC(=O)C[C@@]1(C)[C@H](C)O[C@@](C)(C(=O)OC)C[C@@H]1O,COC1=C(C)C(CC(C)CCC(C)=CO)C(OC=O)=C(C)C2=C1C(=O)OC2,C[C](C)c1c(O)c(C)c(O)c2c1C(O)CO2,Cc1c(O)c(C)c2c(c1O)OC(=O)CC2,CCC(=O)OC,COC(=O)O[C@@]1(C)CCC1(C)C,CC1C(=O)C2=C(O)[C@@H](C)CC[C@]1(C)C2,CO[C@@H]1C2CCC1(C)CC2,CC(O)=CC1OO1,CCC(C)=O,CCC(O)=C(C)C,COC=O,CO,,,,,,,,,,
CC1=C(C2=C(C=C1)C(=O)C3=C(N2)CCN(C3)CC(=O)NC4=CC(=C(C=C4)F)C)C,MassSpecGymID0215197,Cc1ccc(NC(=O)CN2CCc3[nH]c4c(C)c(C)ccc4c(=O)c3C2)cc1F,Cc1ccc(N(C=O)CN2CCc3[nH]c4c(C)c(C)ccc4c(=O)c3C2)cc1F,Cc1ccc(NC(=O)CN2CCc3cc(=O)c(C)c4cc(F)c(c-4[nH]3)C2)cc1C,Cc1ccc(NC(=O)CN2Cc3[nH]c4c(C)c(C)c(C)c(=O)c(C)c4c32)cc1F,CC1=CCCN(C(=O)n2ccc3c(F)cc(C)cc32)CN(CC=O)C2=CC(C)=C12,Cc1ccc(NC(=O)CN2CCc3[nH]c4c(C)cccc4c(=O)c3C2)cc1F,Cc1ccc(NC(=O)CN2CCc3[nH]c4cc(F)ccc4c(=O)c3C2)cc1C,Cc1ccc(NC(=O)CN2CCc3[nH]c4c(C)cc(F)c(C)c4c(=O)c3C2)cc1C,Cc1ccc(NC(=O)CN2CCc3cc4c(c(C)c(C)c(C)c(=O)c4[nH]3)C2)cc1F,Cc1ccc(CC(=O)CN2CCc3[nH]c4c(C)cccc4c(=O)c3C2)cc1F,CC1=c2[nH]c3c(c2=C(C)C(=O)C1=O)CCN(CC(=O)Nc1ccc(C)c(F)c1)C3,Cc1ccc(NC(=O)CN)cc1F,Cc1ccc2c(c1C)Cc1cc(NC(=O)CN3C=CNCC3)c(F)cc1C2=O,CC(=O)Nc1ccc(C)c(F)c1,CC(=O)Nc1ccc(C)c(C)c1,CC(=O)[CH]Nc1ccc(C)c(F)c1,[3H]c1cc(F)cc(C)c1NC(C)=O,CC1=CC=C(CC(=O)NCF)CN2Cc3[nH]c4c(c32)=C(C)C(=CC=C(C)C=4C)C1=O,CCN(CC(N)=O)Cc1ccc2c(C)c(C)ccc2c1,Cc1ccc2c(=O)[nH][nH]c2c1C[O],Cc1ccc(-c2c3c4cc(C)c(C)ccc-4c(=O)c2CCNC3)[nH]1,C,,,,,,,,,,,,,,,,,,,,,,,,,,,,,,,,,,,,
CC(CCCCC(C(CO)C(=O)OC(CCCCC(C)C/C(=C/C(=C/C(=O)O)/C)/C)C(CO)C(=O)O)O)C/C(=C/C(=C/C(=O)O)/C)/C,MassSpecGymID0160948,CC(C)C(=O)C=C1C2[C@@H](O)C[C@H](O)C(=CCC3[C@@]2(C)CCC2C(C)(CO)[C@@H](O[C@@H]4OC(CO)[C@@H](O)[C@H](O)C4O)[C@@H](O)CC[C@@]23C)[C@@H]1C,CC(C)C(O)=CC(=O)[C@]1(C)C2=CC[C@H]3[C@@]4(C)C[C@@H](O)[C@H](O)[C@@](C)(CO)[C@@H]4CC[C@]3(C)[C@]2(C)C[C@@H](O)[C@H]1O[C@@H]1O[C@@H](CO)[C@@H](O)[C@@H](O)[C@H]1O,CC(=CC(=O)O)CCC1(C)CCC2(C)C(=CCC3C4(C)C(O)C(O)C(OC5OC(CO)C(O)C(O)C5O)C(C)(CO)C4CCC32C)C1O,CC(C)C(O)=COC(=O)[C@]1(C)C2=CCC3[C@@]4(C)CC[C@@H](O)CC(OC5O[C@H](CO)[C@H](O)[C@H](O)[C@H]5O)[C@@](C)(CO)C4CC[C@@]3(C)[C@]2(C)CCC1O,[CH][C@@]12C[C@H](C)[C@@H](O[C@@H]3O[C@H](CO)[C@@H](O)[C@H](O)[C@H]3O)C[C@H](C)C1=CC[C@@H]1[C@@]3(C)CC[C@@H](O)[C@@](C)(CO)[C@@H]3CC[C@]12C,CC1(CO)CC(O)CC2(C)C1=CCC1C3(C)CCC(O)C(OC4OC(CO)C(O)C(O)C4O)C(C)(C)C3CCC12C,CC(C)C(=O)[C@]1(C)CC2=CC[C@@H]3[C@@]4(C)C[C](O)[C@H](O[C@@H]5O[C@H](CO)[C@H](O)[C@H](O)[C@H]5O)[C@H](O)[C@@](C)(CO)[C@@H]4CC[C@]3(C)[C@@]2(C)[C@H](O)C1,CC(C)C(=O)C=C1[C@H]2C3=CC[C@@H]4[C@@]5(C)CC[C@H](O)[C@H](O[C@@H]6O[C@H](CO)[C@@H](O)[C@H](O)[C@H]6O)[C@](C)(CO)[C@@H]5CC[C@]4(C)[C@@H]3[C@@]2(C)CC[C@H]1O,CC(C)C=CC(=O)[C@]1(C)C2=CC[C@@H]3[C@]4(C)CC[C@@H](O)[C@]5(C)[C@@H]4[C@H](O[C@H]4O[C@@H](CO)[C@@H](O)[C@H](O)[C@H]4O)C[C@]3(C)[C@@H]2[C@]5(C)C[C@H]1O,CC(C)C(=O)[C@@]1(O)[C@@H](C)[C@@]2(C)C3=CCC4[C@@](CO)(CCC5[C@]4(C)CC[C@H](O)[C@H](O[C@@H]4O[C@H](CO)[C@@H](O)[C@H](O)[C@H]4O)[C@@]5(C)CO)CC[C@]12CCC3O,CC(C)C(O)=CC(=O)[C@@]1(C)C2=CCC3[C@]4(C)CC[C@@H]([C@@H](C)OC5OC(CO)[C@H](O)[C@@H](O)[C@H]5O)[C@@](C)(CO)C4CC[C@@]3(O)[C@]2(C)CCC1O,CO[C@@H]1C2=CC[C@H]3[C@H](CC[C@]4(C)[C@]3(C)CC[C@H](O)[C@H](O[C@@H]3O[C@H](CO)[C@@H](O)[C@H](O)[C@H]3O)[C@@]4(C)CO)[C@]2(C)C[C@H]1O,CC1(CO)CCCC2(C)C(=CCC3C(OC4OC(CO)C(O)C(O)C4O)C(O)CCC32C)C2CC2(C)CC1O,CC1(C)[C@@]2(C)C[C@@H]3CC(=O)O[C@H](O)[C@H]3[C@@H]2CC=C2[C@@]1(C)CC[C@@]1(C)[C@@H](O[C@@H]3O[C@@H](CO)[C@@H](O)[C@H](O)[C@H]3O)[C@@H](O)CC[C@]21C,C[C@@H](CC(=O)O)[C@H]1[C@@H](O)[C@H](O)C[C@]2(C)C3=CC[C@H]4[C@](C)(CC[C@H](O[C@@H]5O[C@H](CO)[C@@H](O)[C@H](O)[C@H]5O)C(C)(C)[C@@H](O)CC[C@@]34C)C[C@H]12,CC(=CC(=O)O)OCC1(C)CCC2(C)C(=CCC3C4(C)C(O)C(O)C(OC5OC(=O)C(O)C(C)C5O)C(C)(CO)[C@H]4CCC32C)C1C,CC(C=CC(=O)[C@]1(C)[C@H](O)C[C@]2(C)C(=CCC[C@@H]3[C@H](O)[C@H](O[C@@H]4O[C@H](CO)[C@@H](O)[C@H](O)[C@H]4O)[C@]3(C)CC[C@@H]2C)C1(C)C)CO,CC(C)C(C)C(=O)C1(C)CCC2(C)C(=C3C4(C)CC(O)C(OC5OC(CO)C(O)C(O)C5O)C(CO)C4(C)CC(O)C32C)C1=O,CC[C@H]1[C@H](O)C[C@]2(C)C[C@H]1[C@]1(C)CC[C@H]3[C@@](C)(CO)[C@@H](O[C@@H]4O[C@H](CO)[C@@H](O)[C@@H](O)[C@H]4O)[C@@H](O)C[C@]3(C)C1=C[C@H]2O,CC(C)C=CC(=O)[C@@]1(CO)[C@H](O)C[C@]2(C)C(=CC[C@H]3[C@]4(C)[C@H](O)CC[C@@](C)(CO)[C@@H]4[C@@H](O)C[C@]32C)[C@H]1O[C@H]1OC[C@@H](O)[C@H](O)[C@H]1O,CC(C)C=C[C@@H](C)[C@H]1C(=O)O[C@@H](O)[C@@H]2[C@@]1(C)CC=C[C@]2(C)[C@@]1(C)CC[C@H](O)[C@](C)(CO)[C@]1(C)CO[C@H]1O[C@H](CO)[C@@H](O)[C@H](O)[C@H]1O,CC(C)C(=O)[C@]1(C)[C@H](O)C[C@]2(C)[C@H]1C1=CCC3[C@@]4(C)C[C@H](O)[C@](C)(CO)C4CC[C@]3(C)[C@@]2(C)[C@H]1O,CC(C)C=C1C(=O)C(C)(O)C[C@]2(C)C3=C[C@@H]4[C]C(C)C[C@H](O)[C@H](O[C@@H]5O[C@H](CO)[C@H](O)[C@H](O)[C@H]5O)[C@@]4(C)[C@]3(C)CC[C@H](O)[C@H]2[C@@]1(C)CO,CC(=CC[C@@]1(C)C[C@H]2[C@@H](O[C@@H](O[C@H](CO)[C@@H](O)[C@H](O)CO)O1)C1=CC[C@@H]3[C@@]4(C)CC[C@@H](O)[C@@](C)(CO)[C@@H]4CC[C@@]3(C)[C@]1(C)[C@H]2C)C(=O)O,CC(O)C(OC1OC(CO)C(O)C(O)C1O)C12CCC3(C)C4=CCC(C4(C)CC(=O)OC31)C1(C)C(O)CC(C)(C)C1CCC2C,CC(=CC(C)C)[C@H]1C(O)CCC2C3(C)C4C(O[C@@H]5O[C@H](CO)[C@@H](O)[C@@H](O)[C@H]5O)CC(O)[C@@](C)(C(=O)O)C4CC[C@H](C)[C@]3(C)C[C@@]21CO,C[C@@H]1CCC2[C@]3(C)CC[C@]4([C@@H](O)[C@@H](O)[C@H](O)[C@@H](CO)OC(=O)[C@@H]4[C@@]2(C)CO)[C@@H]3CC=C2C(C)(C)[C@@H](O)CC[C@@]21C,C[C@@]12CC[C@@]3(C)C4[C@H](O)C(C(=O)OC[C@@H]4O)C4CC[C@]3(C)[C@@H]4CC[C@@]1(C)[C@H](O)C[C@@]2(C)O[C@@H]1O[C@H](CO)[C@@H](O)[C@H](O)[C@H]1O,C[C@@H]1CC[C@]2(C)C(=CCC3[C@@]4(C)C[C@@H](O)[C@](C)(OO)C4CC[C@]32C)C(C)(C)C2C(=O)O[C@@H]21,CC(CCC(=O)O)CCC1(C)CCC2(C)C(=CCC3C4(C)C(O)C(O)C(OC5=C(CO)C(O)C(O)C5O)C(C)(CO)C4CCC32C)C1O,CCCCC1C(C)(CCCCC2C(C)CCC(O)C3C2OC(C(C)C(=O)O)C3(C)CO)CCC(O)C1(C)OC1OC(CO)C(O)C(O)C1O,CC(=O)OC(C)(OO)OC1=C2C3=CC[C@@H]4[C@@]5(C)CC[C@H](O)[C@](C)(CO)C5CC[C@@]4(C)[C@]3(C)C=C(O)C[C@@](C)(CO)C[C@H](O)C[C@@]2(C)C1=O,[CH][C@@]12O[C@H]3CC[C@@H](O[C@@H]4O[C@H](CO)[C@@H](O)[C@H](O)[C@H]4O)C[C@@H]4CC[C@@H]1CC=C1[C@@](C)(CC[C@@H](O)[C](C)[C@H]3O)[C@H]4CC[C@]12C,CC(O)C=CC[C@]1(C)[C@@H](O)[C@H](O)C[C@]2(C)C3=CC[C@@H]4[C@@]5(C)CC[C@@H](O)[C@@](C)([C@@H]5[C@@H](O)C[C@@]34C)[C@H]12,[3H]C(C)C1(CO)C(=O)C(C)(CO)C1C(O)C[C@]1(C)C(C2([3H])O[C@@H]2O[C@H](CO)[C@@H](O)[C@H](O)CO)=CC[C@@H]2[C@@]3(C)[C@@H](O)[C@@](C)(CO)[C@@H]3CC[C@]21C,C[C@@H]1CC[C@H]2[C@](C)(CO)[C@@H](O)CC[C@]2(C)[C@H]1CC=C1[C@@]2(C)[C@@](C)(C=O)C[C@H](O)[C@@]12C,C[C@]1(CCO)CC[C@@H]2[C@]3(C)C[C@H](O)[C@H](O[C@@H]1O[C@H](CO)[C@@H](O)[C@H](O)CO)[C@@]2(C)[C@]1(C)CC[C@@H](O)C[C@@H]1C1=CC[C@@H]13,CC(C(=O)O)C(=O)[C@]1(C)CCC[C@@]2(C)[C@H]1[CH]C=C1[C@](C)(CCC3C(C)(C)[C@@H](O)CC[C@]13C)[C@]1(O)C(O[C@H](CO)[C@@H](O)[C@H](O)CO)O[C@@H]21,OCC1OC(CO)C(O)C(O)C1O,OCC1OC(O)C(O)C(O)C1O,OC[C@@H]1O[CH][C@H](O)[C@@H](O)[C@@H]1O,CC(C)C=CC(=O)C12CC[C@]3(C)C[C@]4(O)CCC[C@](C)(CO)[C@@H](O[C@@H]4O[C@H](CO)[C@@H](O)[C@H](O)CO)[C@H](O)CC(C)[C]C1C(C)[C@@H](O)[C@@H]23,OC[C@@H]1O[C@@H](O)[C@H](O)[C@H]1O,OCC1O[C@@H](O)[C@H](O)C(CO)[C@@H]1O,Cc1cc(CCC(=O)O)c(C)o1,O=CC(O)C(=O)O,O[C@@H]1[C@@H](O)[C@@H](O)OC[C@H]1O,,,,,,,,,,,
CC1=NN(C=C1CN2CCN3C(=NN=C3C4=CC=C(C=C4)OC)C2)C,MassSpecGymID0208288,COc1cccc(-c2n[nH]c(C3CCN(Cc4cnn(C)c4)C3)n2)c1,COc1cccc(-c2n[nH]c(C3CCN3CCc3cnn(C)c3)n2)c1,COc1cccc2c1N1C[C@H](CCN1Cc1cnn(C)c1)CN2C#N,Cn1ncc2c1CCN(c1nc(-c3ccccc3)no1)CCNCC2,COc1ccc(-c2noc(C3CCN3Cc3cnn(C)c3)n2)cc1,COc1cccc(-c2noc(C3CCN(Cc4cnn(C)c4)C3)n2)c1,COc1ccc(-c2noc([C@@H]3C[C@@H](C#[NH+])CN3Cc3cnn(C)c3)n2)cc1,COc1ccc(-c2noc(C3C[NH2+]N3Cc3cnn(C)c3)n2)cc1,COc1cccc(-c2noc(C3CN(C)N3Cc3cnn(C)c3)n2)c1,COc1cccc(-c2noc(C3CC[N]CN3Cc3cnn(C)c3)n2)c1,COc1cccc(-c2noc(C3C[NH2+]CCN3Cc3cnn(C)c3)n2)c1,COc1cccc(-c2noc([C@H]3CC[NH2+]N3Cc3cnn(C)c3)n2)c1,C[NH2+]c1cccc(-c2noc(C3CCN(Cc4cnn(C)c4)C3)n2)c1,COc1cccc(-c2noc([C@@H]3CCN3[NH2+]Cc3cnn(C)c3)n2)c1,CC[n+]1cccc(-c2noc(C3CCN(Cc4cnn(C)c4)C3)n2)c1,COc1cccc(-c2noc(C3CCN(CC(C)(C#N)C#N)C3)n2)c1,COc1ccc(-c2noc(C3CCN(CNC4CCN4C#N)C3)n2)cc1,COc1cccc(-c2noc(C3CCN(C)C3c3cnn(C)c3)n2)c1,CCc1ccc(-c2noc(C3C[NH2+]N3Cc3cnn(C)c3)n2)cc1,COc1cccc(C2=NON=C3CCN(Cc4cnn(C)c4)CC3C2)c1,COc1cccc(-c2noc([C@@H]3CCN(N)C3)n2)c1,COc1ccc(-c2noc(C3CCn4nc(C)cc4C(N)C3)n2)cc1,COc1cccc(-c2n[nH]c(C3CC(N)N(Cc4cnn(C)c4)C3)n2)c1,COc1ccc(-c2noc([C@H]3C[NH2+][C@H]4CN(C#N)CCN4C3)n2)cc1,COc1ccc(-c2noc(C3CNc4cn(C)cc4[NH2+]C3)n2)cc1,COc1cccc(-c2noc(C3C4N(C#N)CCN4CCN3C)n2)c1,COc1cccc(C2=C(Cc3cnn(C)c3)C(C#N)CN(C)N=C2)c1,COc1ccc(-c2n[nH]c(C3CCN(CCCNCC#N)C3)n2)cc1,CCc1cc(CN2CC[C@@H](c3cc(-c4cnn(C)c4)no3)C2)cn1C#N,COc1cccc(-c2noc([C]3CCN(C)C3)n2)c1,C[NH2+]c1ccc(-c2noc(C3CCN(C)c4ccnn4C3)n2)cc1,COc1cc2cccn(C3CCN(c4cnn(C)c4)C3)c-2c1,COc1cccc(C2=NN(C3CCN3C#[N+]c3cnn(C)c3)CC2)c1,COc1ccc(-c2n[nH]c([C@@H]3CCN4CCN(C#N)CC34)n2)cc1,COc1ccc(-c2ncon2)cc1,COc1ccc(-c2n[nH]c(C3CC[NH2+]CC4CC(C3)CN4C#N)n2)cc1,COc1cccc(-c2ncon2)c1,Cc1cnn(C)c1,COc1cccc(-c2nc[nH]n2)c1,CN1CCC2c3cccc(n3)CC21,Cc1cn2c(n1)CC2C1CNC1CN,c1ccc(-c2ncon2)cc1,COC#Cn1cccn1,Cn1cccn1,[NH]C1CCCCN1C#CCNN,CNc1ccncc1,CO,C#N,,,,,,,,,,
CCC1(CCC(=O)NC1=O)C2=CC=C(C=C2)NC(=O)CCCC3=CNC4=CC=CC=C43,MassSpecGymID0218829,CC1(C)CN(Cc2ccc3ccn(C(=O)Cc4c[nH]c5ccccc45)c3c2)CCOO1,CC1(C)CN(Cc2ccc3c(c2)OCCC3=O)C(=O)CN1Cc1c[nH]c2ccccc12,CN1CCN(Cc2ccc3c(c2)C(=O)C(C)(C)O3)C(=O)C1Cc1c[nH]c2ccccc12,[CH]C1(C)CN(Cc2ccc3c(c2)OC(C)(C)O3)C(=O)CN1Cc1c[nH]c2ccccc12,CC1CCCN(Cc2ccc3c(c2)CN(Cc2c[nH]c4ccccc24)C3)C(=O)C(=O)O1,NC1(Cc2ccc3c(c2)OC2(CCCN(Cc4c[nH]c5ccccc45)C2=O)O3)CCC1,O=C1CCC2(CCN(Cc3c[nH]c4ccccc34)CC2)N1Cc1cc2cc(c1)OCO2,NC1(Cc2ccc3c(c2)C(=O)N(Cc2c[nH]c4ccccc24)C32CCCC2)OCCO1,N=c1ccc(CN2CC3(CCOCC3)OC2=O)cn1CCc1ccc2ccccc2c1,CC1(C)CN(Cc2ccc3c(c2)OCCO3)C(=O)CCN1Cc1c[nH]c2ccccc12,CC1(C)CCCC(=O)N(Cc2ccc3c(c2)CN(Cc2c[nH]c4ccccc24)C(=O)O3)C1,O=C1COC2(CCCN(Cc3c[nH]c4ccccc34)C2)CN1Cc1ccc2c(c1)O2,CC1(C)CCC(=O)N1Cc1ccc2c(c1)OC1(CCN(Cc3c[nH]c4ccccc34)C1)O2,CC1(C)CN(Cc2ccc3c(c2)C(=O)CCO3)C(=O)N1Cc1c[nH]c2ccccc12,CN1C[C@]2(CCN(CCc3c[nH]c4ccccc34)C2)OC1=O,O=C1O[C@]2(CCO2)CN1Cc1ccc2c(c1)CCCN2Cc1c[nH]c2ccccc12,CN1C(=O)CC2(CCCN(Cc3c[nH]c4ccccc34)C2)OC1=O,CN1CC2(CCC1=O)CCN(Cc1c[nH]c3ccccc13)CC2,O=C1CCc2cc(CN3CCOC34CCCN(Cc3c[nH]c5ccccc35)C4)ccc2O1,O=C1CN(Cc2c[nH]c3ccccc23)CCC12OCCCN2Cc1ccc2[nH]ccc2c1,O=C1CCC2(Cc3ccc4c(c3)OCCO4)CCN(CN1CCc1c[nH]c3ccccc13)C2,CCC1(C)CC(=O)N(Cc2ccc3oc(=O)n(Cc4c[nH]c5ccccc45)c3c2)C1,O=C1OC2(CCN(CCc3coc4ccccc34)CC2)CN1Cc1c[nH]c2ccccc12,O=C1CCC(=O)N1Cc1ccc2c(c1)C[C@]1(CC[NH+](Cc3c[nH]c4ccccc34)C1)O2,CC1(c2ccc3c(c2)CC2(NC3)OCCO2)CCCN(Cc2c[nH]c3ccccc23)C1=O,O=C1N(Cc2c[nH]c3ccccc23)C(=O)C12CCC[NH+](Cc1ccc3c(c1)CCO3)C2,O=C1C(Cc2c[nH]c3ccccc23)N(Cc2c[nH]c3ccccc23)CCC12OCCCO2,O=C1CN(Cc2ccc3c(c2)OC2(CCC2)O3)C2CC1N2Cc1c[nH]c2ccccc12,O=C1OC2(CC1Cc1c[nH]c3ccccc13)CN(Cc1c[nH]c3ccccc13)CCO2,[O]/N=C1/N(Cc2c[nH]c3ccccc23)CCC12CCCC2,C=C1C(=O)C1CCN1CCCC2(CC1)CC(=O)N(Cc1c[nH]c3ccccc13)C(=O)C2,Cc1ccc2c(c1)CN(Cc1c[nH]c3ccccc13)C(=O)O2,[O]C1(c2c[nH]c3ccccc23)CN(CCc2c[nH]c3ccccc23)CCC2(CCNC2)O1,O=C1CC2(CCCN(Cc3c[nH]c4ccccc34)C2)ON1CC1=C2C=CC(=CO2)C=C1,CCc1c[nH]c2ccccc12,c1ccc2c(c1)OC1(CCN(Nc3c[nH]c4ccccc34)C1)O2,CC1(C)CNC(=O)N1Cc1ccc2c(c1)CC1(CCOCc3c([nH]c4ccccc34)C1)O2,Cc1c[nH]c2ccccc12,O=C1CCC23CCN(Cc4ccc5c(c4)N5OOc4cccccc(c[nH]4)CN1C2)C3,Cc1ccc2c(c1)OCCOC1C(=O)N1Cc1cccccc-2[nH]c1,CC1C2OC(O2)N1Cc1cc2cc(c1)OC1(CCC1)CN2,c1ccc2c(c1)CC1(CN3CCCN1C3)O2,CN1CCC[C@@]2(CCN(C)C2=O)C1,Cc1ccc2c(c1)OC(=O)CC2,Cc1ccc2c(c1)OCCO2,[NH3+]CCCC1(O)C=CC2=CN(CC1)C2,COOC,,,,,,,,,,,
C=CC1C2CC3C4=C(CC(N3C(=O)C2=COC1OC5C(C(C(C(O5)CO)O)O)O)C(=O)O)C6=CC=CC=C6N4,MassSpecGymID0190471,C=C[C@H]1[C@H](O[C@@H]2O[C@H](CO)[C@H](O)[C@H](O)[C@H]2O)OC=C(C(=O)OC)[C@H]1C(=O)N1c2c([nH]c3ccccc23)C2CC21,COC(=O)C1=CO[C@@H](O[C@@H]2O[C@H](CO)[C@@H](O)[C@H](O)[C@H]2O)[C@H](C=C(C)C=O)[C@@H]1N1CCc2c([nH]c3ccccc23)C1=O,C=CC1C(N2CCc3c([nH]c4ccccc34)C2=O)OC=C(C(=O)OC)N1OC1OC(CO)C(O)C(O)C1O,C=C[C@H]1C(O[C@@H]2O[C@H](CO)[C@@H](O)[C@H](O)[C@H]2O)=C(O)N2CCc3[nH]c4ccccc4c3CC=C(C(=O)OC)[C@@H]12,C=C[C@H]1C(C(=O)OC)=CO[C@@H]1O[C@H]1O[C@H](CO)[C@@H](O)[C@@H]1O,C=C[C@@H]1C([C@@H]2c3[nH]c4ccccc4c3C[N+]2(C)O)=c2c(=O)c2=CO[C@H]1OO[C@H]1O[C@H](CO)[C@@H](O)[C@H](O)[C@H]1O,C=C1CCN2C(C(=O)OC)=CO[C@@H](O[C@@H]3O[C@@H](CO)[C@@H](O)[C@H](O)[C@@H]3O)[C@H]12,COC(=O)C1=CO[C@@H](O[C@@H]2O[C@H](CO)[C@@H](O)[C@H](O)[C@H]2O)[C@@H]2C(=O)[C@H]12,CCC(C)CC=CC(=O)C1=CO[C@@H]([C@@H]2O[C@H](CO)[C@@H](O)[C@H](O)[C@H]2O)[C@H]1C(=O)N1CCc2c([nH]c3ccccc23)C1OC,C=CCNC1C(=O)C(C(=O)OC)=COC1OC1OC(CO)C(O)C(O)C1O,C=C[C@@H]1[C@H](O[C@@H]2O[C@H](CO)[C@@H](O)[C@@H](O)[C@H]2O)OC=C(C=O)[C@@H]1C=C,C=C[C@H]1[C@@H](O)[C@H]1O[C@@H]1C=C(C(=O)N2CCc3c([nH]c4ccccc34)[C@H]2C=CO)O1,C=C[C@H]1[C@H](Oc2ccc(O[C@@H]3OC=C(C(=O)OC)N(C=C)C3OC)c3ccccc23)OC=C(C(=O)OC)[C@@H]1O,C=C[C@@H]1C(C=O)=CO[C@@H]1O[C@@H]1O[C@H](CO)[C@@H](O)[C@H](O)[C@H]1O,C=C[C@@H]1C([C@@H]2c3[nH]c4ccccc4c3C[N+]2(C)O)=c2c(=O)c2=CO[C@H]1OO[C@H]1O[CH][C@@H](O)[C@@H](O)[C@H](O)[C@H]1O,C=C[C@@H]1NCCc2c([nH]c3ccccc23)C1(OC)[C@@H]1OC=C(C(=O)OC)C(O[C@@H]2OC[C@H](O)[C@H](O)[C@H]2O)=C1C,C=CC1C(OC2OC=C3C(=O)c4[nH]c5c(OC)cc(OC)cc5c4CCN32)OC=C(C(=O)OC)N1OC,C=CC1C(=O)C(CO)=CO[C@H]1O[C@@H]1OC(CC)[C@H](O)C(O)[C@@H]1O,C=CC=C1C(=O)N2CCC2=C2C(=CO[C@H]1O[C@@H]1O[C@H](CO)[C@@H](O)[C@H](O)[C@H]1O)C1=C3C=CC1=C32,C=C[C@@H]1C2=Cc3[nH]c(c4c3NC=CC4=C2)C(C=O)=CO[C@H]1O[C@@H]1O[C@@H](CO)[C@@H](O)[C@H](O)[C@@H]1O,C=CC1c2coc(OC3OC(CO)C(O)C(O)C3O)c2C(=O)N2C3=CC3=C(OC)C=CC(OC)=CCCN12,[2H]C([2H])=C1[C@H]2[C@H]3OC=C4C(=O)N(CCc5cc(OC)ccc(OC)c6[nH]c5-6)[C@H](O)[C@@H](O)[C@H](O)[C@@H](CO)O[C@@H](O[C@H]13)[C@@H]42,C=CC(C=CC=C(CO)C(O)C(O)CO)C(OC=COC(=O)OC)N1CCc2c([nH]c3ccccc23)C1=O,C=C1OCCOCOC(N2CC=C(CO)C(O)C(O)C2O)=COC(C2CCc3c([nH]c4ccccc34)C2=O)O1,C=CC1NCCc2c1[nH]c1ccccc21,C=C[C@H]1CC(C=O)=CO[C@H]1[C@@H]1O[C@@H](CO)[C@@H](O)[C@@H](O)[C@H]1O,COC(=O)C1=C2C(=CO[C@@H]2O[C@@H]2OC[C@H](O)[C@H]2O)C1O,C=C[C@@H]1O[C@H](CO)[C@@H](O)[C@@H](O)[C@H]1O,OOC1OC(Oc2ccccc2O)C(O)C(O)C1O,C=CC1=COC(C(=O)OC)C12OC(OC)C(O)C(O)C2O,C=C[C@@H]1CN(C(=O)O)CC(C(=O)OC)=C(O)[C@@H]1O,O=C1NCCc2c1[nH]c1ccccc21,C=C[C@@H]1[C@H](O)[C@H](O)[C@H](C=C)O[C@H](CO)[C@@H]1C=O,COc1ccc2c3c1CN(C)[C@@H](c1cc(O)[nH]c1O)C3=C2,C=COC=[O+]C(=O)C=COC[C@@H]1O[C@H](OO)[C@@H](O)[C@H]1O,O=C[C@H]1[C@@H](O)[C@H](O)O[C@H](CO)[C@H]1O,OC[C@H]1O[C@@H](O)[C@@H](O)[C@@H](O)[C@@H]1O,C=CC1C2OC=C(C(=O)O)C12O,OC[C@@H]1O[C@@H](O)[C@H](O)[C@H]1O,O=CC1=CO[C@@H]2[C@@H](O)[C@H](O)[C@H](O)[C@@H]2OC1,Oc1cccc2ncoc12,OC1COC(O)C(O)C1O,OCO[C@@H](CO)[C@@H](O)[C@H](O)CO,CO,,,,,,,,,,,,,,
