true_smiles,name,pred_smiles_1,pred_smiles_2,pred_smiles_3
CC1=CC2=C(C(=C1)O)C(=C3C(=O)[C@H]4C(C5[C@]3(C2=O)[C@@H]6C(C5[C@@]47C(=C(C8=C(C7=O)C=C(C=C8O)C)O)C6=O)O)O)O,MassSpecGymID0001903,O=C1c2c(O)cc(C3Oc4cc(O)cc(O)c4C(=O)C3c3ccc(O)cc3)cc2OC(c2ccc(O)cc2)C1O,O=C1c2c(O)cc(O)cc2O[C@H](c2ccc(O)cc2)[C@@H]1[C@@H]1c2cc(O)cc(O)c2C(=O)[C@@H]1c1cc(O)cc(O)c1,O=C1c2c(O)cc(O)cc2OC2Cc3c(O)cc(O)c(c31)C(=O)C(c1ccc(O)cc1)C(c1ccc(O)cc1)O2
CO/C=C(\C1=CC=CC=C1OC2=NC=NC(=C2)OC3=CC=CC=C3C#N)/C(=O)O,MassSpecGymID0018837,CC(C)(c1ccc(-c2cc(=O)[n-]c(=O)[n-]2)cc1)c1nc2cc(C(=O)O)ccc2o1,O=C(O)c1ccc(-c2cccc(-c3nc4cc(C(=O)O)ccc4o3)n2)cc1,O=C(O)c1ccc2oc(-c3cc(-c4nc5ccccc5o4)ccc3O)nc2c1
CO/C=C(\C1=CC=CC=C1OC2=NC=NC(=C2)OC3=CC=CC=C3C#N)/C(=O)O,MassSpecGymID0018840,CCC(C1C(C#N)=C(N)Oc2c1oc1c3ccoc4ccccc4c=3c21)[N+](=O)[O-],CC12C(C#N)=C(N)OC3=C1C=C3C(C[N+](=O)[O-])c1c2c(=O)oc2ccccc12,CC1([O-])C(c2c(N)c3ccccc3oc2=O)=C(C#N)c2ccccc21
CC1=C(C=C(C=C1)NC(=O)C2=CC=C(C=C2)CN3CCN(CC3)C)NC4=NC=CC(=N4)C5=CN=CC=C5,MassSpecGymID0027378,CCCCc1nc2nc(C)c(CCC)c(=O)cc2n1Cc1ccc(-c2ccccc2-c2nn[nH]n2)cc1,CCCCc1nc(C)c(C)n1Cc1ccn(Cc2ccc(-c3ccccc3-c3nn[nH]n3)cc2)c(=O)c1,CCCCc1nc(C)c(Cc2[nH]c(=O)ccc2C)n1Cc1ccc(-c2ccccc2-c2nn[nH]n2)cc1
CO/C=C(\C1=CC=CC=C1OC2=NC=NC(=C2)OC3=CC=CC=C3C#N)/C(=O)OC,MassSpecGymID0027960,Cc1c([OH2+])c2ccccc2n2c3c(c4c(cc42)oc1=O)C(C)C(=O)N(CC#N)C3=[OH+],CC1(C)C=CC(C[O-])=C2C(=Cc3c2c(=O)oc2ccccc32)OC(N)=C(C#N)C1=O,CC1(C)C(=O)N([NH-])c2ccccc21
CC1(C2CC3C(C(=O)C(=C(C3(C(=O)C2=C(C4=C1C=CC=C4O)O)O)O)C(=O)N)N(C)C)O,MassSpecGymID0058040,CC(=O)C1C(C)=C(C2C(O)C(O)C3(NO3)C2C(C)=O)C(C(C)=O)c2cc1cc([N+](=O)[O-])c2,CC(=O)OC1(c2cc([N+](=O)[O-])cc(C3(C(C)=O)CC3)c2)COC12C(O)C1COC3(C)C1N32,C=C(C)c1cc([N+](=O)[O-])cc2c1OC(C)(C)[C@H]2O
CCC(C)C1C(C=CC2(O1)CC3CC(O2)CC=C(C(C(C=CC=C4COC5C4(C(C=C(C5O)C)C(=O)O3)O)C)OC6CC(C(C(O6)C)OC7CC(C(C(O7)C)NC(=O)C)OC)OC)C)C,MassSpecGymID0058077,COc1cc(-c2cc3c(c(OC)c2OC)C(=O)[C@@H](NC(C)=O)CC3)c(OC)c(OC)c1OC,COc1cc2c(c(OC)c1OC)C[C@H](c1c([Te]C(=O)CCCCO)cc(OC)c(OC)c1OC)CCc1cc(OC)c(OC)c(OC)c1-2,CCC(CC(CC(OC)C(=O)O)C(C)CC)NC(CC)OC1CCc2cc(OC)c(OC)c(OC)c21
CCC(C)C1C(C=CC2(O1)CC3CC(O2)CC=C(C(C(C=CC=C4COC5C4(C(C=C(C5O)C)C(=O)O3)O)C)OC6CC(C(C(O6)C)OC7CC(C(C(O7)C)NC(=O)C)OC)OC)C)C,MassSpecGymID0058081,CC(C)[C@@H](C)CNC(=O)[C@]12[C@@H](C)CC([C@@]3(C)CC[C@H]4C(C)(C)[C@@]3(C)CC[C@]4(C)C(=O)O[C@@H]3OC[C@@H](O)[C@H](O)[C@H]3O[C@H]3O[C@@H]4C(O[C@@H]5OC[C@@H](O)[C@H](O)[C@H]5O)[C@H](C)[C@@H]34)=CC[C@H]1[C@@H]2C,CC(C)C1=CCC2C(=CCC3C2(C)CCC2C(C)(C)C4CCC4(C)CCC23C(=O)OC2OCC(O)C(OC3C(O)COC(OC4OCC(O)C(O)C4O)C3O)C2NC(=O)O)C(C)C1,CC1CC(OC2OC(OC3C(O)OCC(O)C3O)C(OC3CC4(C)C(CCC5(C)C4CC=C4C6CC=C(C(C)C(C)NC(=O)O)C6(C)CCC45C)C3(C)C)C(O)C2O)C(O)C1O
CC(C)(C)C1=CC=C(C=C1)C(CCCN2CCC(CC2)C(C3=CC=CC=C3)(C4=CC=CC=C4)O)O,MassSpecGymID0059173,CC(C)(O)C1=C[C@@]2(C)CC[C@H]3Cc4cc5c6[nH]c(c5cc4[C@@]3(O)C1)[C@H](C6)C13CCC2(CC1)C3(C)C,CC1(O)CCC1CCC(C)(C)C(C)(O)c1cc2[nH]c3cc4c(cc5cc3c2cc15)C(C)(C)C4(C)C,CC1=C2Nc3cc4c([C@H]5CC[C@H]6CC(C(C)(C)C)=C6C5(C)C)cc3C(=C1)C=C4CC[C@@H](O)[C@]2(C)O
CC1C2C(C3C(C(=O)C(=C(C3(C(=O)C2=C(C4=C1C=CC=C4O)O)O)O)C(=O)N)N(C)C)O,MassSpecGymID0061350,NCc1cccc(O[C@@H]2OC[C@H](O)[C@H](Oc3cccc([N+](=O)[O-])c3)[C@@H]2O)c1,CN[O+]=CC(C)=C1c2cc([N+](=O)[O-])ccc2[C@@H](O)[C@@H]1O,[CH2+]CC(=O)c1c([CH-]C)cc([N+](=O)[O-])cc1O[C@H]1[C@H]([O-])[C@@H](CC)O[C@H]1C
CN(CCCNC(=O)C1CCCO1)C2=NC3=CC(=C(C=C3C(=N2)N)OC)OC,MassSpecGymID0070209,CCCCN1C(=O)C(=O)C([C]N(C)c2c(N)n(CCOC)c(C)cc2=O)=C1N,CC=CN(C1=CC(=O)C(=O)N1CCCC)c1c(N)cc(=O)n(CCOC)c1N,CCCCN1C(=O)C=C2C=C(C=C(OC)N2CCC)C(=O)C(C(=O)NN)=C1N
C[C@@]1([C@H]2C[C@H]3[C@@H](C(=O)C(=C([C@]3(C(=O)C2=C(C4=C1C=CC=C4O)O)O)O)C(=O)N)N(C)C)O,MassSpecGymID0076472,COc1ccc(C(=O)NC[C@H]2OC(NC(=O)c3ccc(OC)cc3)[C@H](O)[C@@H](O)C2=O)cc1,COc1ccc(NC(=O)C(=CCC2OC(O)C(O)O2)C(=O)Nc2ccc(OC)cc2)cc1,COc1ccc(C(=O)NC2(C3(NC(=O)c4ccc(OC)cc4)[C@H](O)[C@H]3O)CO[C@H]2O)cc1
CCC/C(=N/OCC)/C1=C(CC(CC1=O)C2CCCS(=O)C2)O,MassSpecGymID0076664,CCCCCCCSNC(C(=O)O)c1ccc(OC)c(OC)c1,CCCCCCSNC(=O)C(OC)c1ccc(OC)c(OC)c1,CCCSC(C)C(=O)C(C)Nc1cc(OC)c(OC)c(OC)c1
CCC/C(=N/OCC)/C1=C(CC(CC1=O)C2CCCS(=O)C2)O,MassSpecGymID0076673,CCCCCCN(C(=O)SO)C(C)c1ccc(OC)c(OC)c1,CCCN(C(C)CC)C(c1ccc(OC)c(OC)c1)[S+]([O-])C=O,CCCS1(C(=O)O)C=C2C=C(C(C)OC)C=C(C2)C1(NC)OC
CCN1CC2(C(CC(C34C2C(C(C31)C5(C6C4CC(C6OC(=O)C7=CC=CC=C7)(C(C5O)OC)O)OC(=O)C)OC)OC)O)COC,MassSpecGymID0105096,CO[C@H]1/C=C/O[C@](C)(C(C)C2O/C=C\[C@H](C)[C@H](O)[C@@H](C)[C@@H](O)[C@@H](C)[C@@H](OC(C)=O)[C@H]2C)OC2=C(C=O)C3=C(N1)C(=C3O)C(O)=C2C,CO[C@H]1/C=C/O[C@@]2(C)Oc3c(C)c(O)c4c(c3C2=O)C(=C4O)NC(=O)C(C)=C[C@@H](C)[C@@H](O)[C@H](C)[C@H](O)[C@H](C)[C@@H](OC(C)=O)[C@@H]1C,COC1C=COC2(C)Oc3c(C)c(O)c4c(c3O)C(NC(=O)C(C)=CC=CC(C)C4C(C)C(O)C(C)C(OC(C)=O)C1C)C2=O
CCN1CC2(C(CC(C34C2C(C(C31)C5(C6C4CC(C6OC(=O)C7=CC=CC=C7)(C(C5O)OC)O)OC(=O)C)OC)OC)OC(=O)C)COC,MassSpecGymID0134807,CC1OC(c2ccn(C3CC4(C)C5CCC(C)(Oc6ccc(OC7OCC(O)C(O)C7O)cc6)C5C(O)CC34C)c(=O)c2)C(O)C(O)C1O,CC(=O)[C@@]1(O)C(=O)C[C@@H]2[C@H]3CC(O[C@H]4O[C@@H](Oc5ccc(O[C@@H]6OC[C@@H](O)[C@H](O)[C@H]6O)cc5)[C@@H](O)[C@H]4O)[C@@]4(C)CC[C@]2(C)[C@H]1CC[C@@]34C,CC1CCC2(C)C(Oc3ccc(OC4OCC(O)C(O)C4O)cc3)CC(=O)CC2C1(C)O
CC(=CCC=C(C)C1CCC2(C1C(CC3C2(CCC4C3(CCC(C4(C)C)OC5C(C(C(C(O5)CO)O)O)OC6C(C(C(C(O6)CO)O)O)O)C)C)O)C)C,MassSpecGymID0135253,CCC(=O)C(C)C1OC(CC2CC(OC)C(C)CO2)CCC1C,COC1CC(CO)OC1C(C)C(O)C(C)C1CC2(C)CC(C)C(C3CCC(C)(C4CCC(C5CCC(C)(O)O5)O4)O3)C2(CC2CC(C(=O)C(C)C)O2)O1,CO[C@@H]1CC(C[C@@H]2C=C[C@@H]([C@H](C)C(=O)[C@@H](O)[C@H](C)[C@@H]3O[C@@](C)(O)O[C@H]([C@H]4CC[C@]5(CC[C@@](C)([C@H]6O[C@@H](CO)[C@H](C)[C@H]6C)[C@H]5C)O4)C[C@@H]3C)O2)CC[C@@H]1C
CC(=CCC=C(C)C1CCC2(C1C(CC3C2(CCC4C3(CCC(C4(C)C)OC5C(C(C(C(O5)CO)O)O)OC6C(C(C(C(O6)CO)O)O)O)C)C)O)C)C,MassSpecGymID0135257,CO[C@@H]1O[C@@H](C[C@@H]2CC[C@H](C)[C@H]([C@@H](C)C(=O)[C@H](C)[C@H]3C[C@]4([CH]C[C@@H](C)[C@@]5(CC4)CC[C@@](C)([C@H]4CC[C@@](C)(O)[C@@H](C)[C@@H](CO)O4)O5)O3)O2)C[C@H]1OC,CO[C@@H]1C[C@@]([C@H](C)[C@H]2O[C@H](C[C@H]3C[C@@H](C)[C@](O)([C@@H]4O[C@@H]([C@H]5CC[C@@](O)(CO)O5)[C@@](C)(O)[C@H]4[C@H](C)O)O3)CC[C@H]2C)([C@H]2O[C@]3([CH]O3)C[C@H]2C)[C@H](C)C[C@@H]1C,CCC(=O)C(C)C1OC(C[C@H]2CC(C)[C@](O)(C3(C)OC3CO)O2)CC1OC
CC(=O)OC12C3C(CC(C3OC(=O)C4=CC=CC=C4)(C(C1O)OC)O)C56C(CCC7(C5C(C2C6N(C7)C)OC)COC)OC,MassSpecGymID0136309,COC1CC(OC2CCC3(C#N)C(=O)C4CCC5(C)C(C6=CC(=O)OC6)CCC5(O)C4CCC3(O)C2)OC(C)C1OC(C)=O,COC1CC(OC2CCC3(C#N)C4C(=O)CCC5(C)C(C6=CC(=O)OC6)CCC5(O)C4CCC3(O)C2)OC(C)C1OC(C)=O,COC1C[C@H](O[C@H]2CCC3(C#N)[C@H]4C[C@@H](OC(C)=O)[C@@]5(C)[C@H](C2)C2=CC(=O)OC[C@]2(C)[C@@H]5CCC43O)OC(C)[C@H]1OC(C)=O
CC(=O)OC12C3C(CC(C3OC(=O)C4=CC=CC=C4)(C(C1O)OC)O)C56C(CCC7(C5C(C2C6N(C7)C)OC)COC)OC,MassSpecGymID0136365,C[C@H](C(=O)O)[C@@]12CC[C@@H]3[C@H](C(=N)O)c4cc(O[C@@H](C)CCC(=O)O)cc5c4[C@@H]1[C@@H](OCC[C@H](C)C(=O)O)CC[C@@]2(C)[C@@]3(C)O5,CC1OC(OC2OC(OC3CCC(C)(C(C)CCc4ccc5c(c4)C(C#N)=C5O)C(C)C3(C)C)C(O)C(O)C2O)C(O)C1O,CC1(C)C(OC2OC(CO)C(O)C(O)C2O)CCC2(C)C3CC4(C)C(CCC12)C4(C)C3O
CCN1CC2(CCC(C34C2C(C(C31)(C5(CC(C6CC4C5C6OC)OC)O)O)OC)OC)COC(=O)C7=CC=CC=C7N8C(=O)CC(C8=O)C,MassSpecGymID0146901,CC[NH+]=CC(=O)C(O)(CC[C@H](OC(=O)[C@H]1C[C@H](C(=O)C(=O)[C@@H]2CC[C@@H](CC)CO2)C[NH2+]1)c1cccc(OC)c1)c1ccc(OC)cc1OC,COc1ccc(CCC[C@@H](OC(=O)[C@@H]2CCCN2C(=O)C=O)c2ccccc2)cc1OC,CC[C](CN1COC(OC)C(OC)CCC1OC=O)C(=O)N1CCCC1C(=O)OC(CCc1ccc(OC)c(OC)c1)c1ccccc1
CCCCCCCCCC(=O)OC1C(C(C(OC1OC2(C(C(C(O2)CO)O)OC(=O)C(C)C)CO)CO)OC(=O)C(C)C)OC(=O)C(C)C,MassSpecGymID0154352,CCC(C)C(OC(C)=O)C(=O)OCC(C(=O)C(OC(C)=O)C(C)CC)C(=O)C(C(=O)C(O)C(O)C(O)C(C)C(O)CO)C(C)C,CC(=O)OC[C@@H](O)[C@@H](O)[C@@H](O)C(C)CO,CC[C@H](C)[C@@H](OC(=O)[C@@H](C)[C@@H](O)[C@@H](C[C@@H](C)[C@@H](O)CC)OC(C)=O)C(=O)C(=O)[C@@H](O)[C@H](O)CO
C/C=C(\C)/C[C@H](C)C[C@H](C)[C@@H]1C(C=CC(=O)O1)OC(=O)/C=C/C(=C/[C@H](CCO)CO)/C,MassSpecGymID0154792,CC(=O)O[C@H]1CC[C@@]2(C)C(CC[C@H]3C4C[C@H]5OC[C@H](O)[C@@H](OC(C)=O)[C@@H]5[C@H]4CC[C@H]32)C1,CC(=O)OC1CC[C@@]2(C)C(C1)CC(OC(C)=O)[C@H]1[C@H](O)[C@@H]3CCCC(CO)=C3CC[C@@H]12,CC(=O)OC1CCC2(C)C(CCC3C4CC(O)CCC4CCC(OC(C)=O)C(=O)C32)C1
CC1=CC2=C(C(=C(C(=C2C(C)C)O)O)C=O)C(=C1C3=C(C4=C(C=C3C)C(=C(C(=C4C=O)O)O)C(C)C)O)O,MassSpecGymID0162178,COc1ccc(OC)c(C(=O)OCc2ccccc2)c(OC)c(OCc2ccccc2)cc(=O)c(OC)c1,COC(=O)C1=CC(OC)=C(OCc2ccccc2)C1(O)Cc1cc(O)c(OC)c(OCc2ccccc2)c1,COc1cc(OOCc2ccccc2)c(OCOCOCc2ccccc2)c(OCc2ccccc2)c1O
CC1=CC2=C(C(=C(C(=C2C(C)C)O)O)C=O)C(=C1C3=C(C4=C(C=C3C)C(=C(C(=C4C=O)O)O)C(C)C)O)O,MassSpecGymID0162215,COC(=O)C[C@H](c1ccc(OC)c(OC)c1)c1c(-c2cc(O)c(OC)c(OC)c2)cc(O)c2ccccc12,COC(=O)CC(c1ccc(OC)c(C2C(=O)C(=O)C2(C)c2cc(OC)ccc2OC)c1)c1ccccc1O,COC(=O)CC(c1ccc(OC)c(O)c1)c1ccc(OC)c(O)c1
CCC(C)/C=C(\C)/C=C/C1=CC2=C(C=N1)C(=O)C(C(=C2Cl)O)(C)OC(=O)C,MassSpecGymID0162310,CCN(C(=O)OCCOCOC)C1c2ccc(cc2)C1c1ccc(Cl)cc1,CCOC(=O)C1(c2ccc(Cl)cc2)C2=CC=C(C)N(C(COC)OC)C1=C2,CCOC(=O)C1=C(c2ccc(Cl)cc2)C1CCOC
CC(C(C(C)O)(C(=O)OCC1=C(C=CC(=C1)O)NC(=O)CCC(C(=O)O)N)O)O,MassSpecGymID0162742,CO/C=C1/C(=O)C(O[C@@H]2OC(CO)[C@@H](O)C(CO)O[C@@H]2N)C1c1[nH]ccc1CO,C=C[C@H]1[C@H](O[C@@H]2O[C@H](CO)[C@@H](O)[C@@H](O)[C@@H]2O)OC=C(C(=O)N2Cc3cc(=O)ccn3C2)[C@@H]1OC,CC1=CO[C@H](O[C@@H]2OC(CO)[C@@H](O)[C@@H](O)C2O)[C@H](C)N1C
CCC(C)C1=C(N2C=C(N=C(C2=N1)CCCN=C(N)N)C3=CNC4=CC=CC=C43)OS(=O)(=O)O,MassSpecGymID0179016,CC1=C(c2ccnc(S(=O)(=O)n3cc(O)c(Cc4ncc(O)nc4C)c3C)c2)N(C)CCN1N,CN1CCC(=S(=O)(O)c2cnc(NCCN)nc2)O1,CN1C=CN(CCNc2cc([C]3N(C)C=CN3C)cc(-c3cc(O)cc(S([NH3+])(=O)=O)c3)n2)O1
CC(C)OC(=O)CCC/C=C\C[C@H]1[C@H](C[C@H]([C@@H]1CC[C@H](CCC2=CC=CC=C2)O)O)O,MassSpecGymID0182450,CCC(C)C(=O)OC1CCC2C(=CC(C)C1)C=CC(C)C2CCC1CC(O)CC(=O)O1,CCC(C)C(=O)OC1CC(C)C=CC2C=CC(C)C(CCCC3CC(O)CC(=O)O3)C21,CCC(C)C(=O)COC1CC(C)C=C2C=CCC(CCC3CC(O)CC(=O)O3)C2C1C
CCCCCCCCCCCCCC(=O)O[C@@H](C)[C@H]1C[C@]2([C@H]3[C@H](O3)[C@@]4([C@]2([C@@H]([C@H]5[C@H]([C@@H]4C(=O)O5)C(=C)C)O)C)O)OC1=O,MassSpecGymID0185118,C=C1C[C@@H](O)C[C@@]2(O1)O[C@H]1C[C@H]3[C@@H]4C=C5C[C@@H](O)[C@@H](C)[C@]5(C)[C@H]4CC[C@]3(C)[C@H](C)[C@H]1[C@@H]2O[C@@H]1O[C@@H](C)[C@H](O)[C@H](O)[C@H]1O,C[C@H]1CC[C@]2(C[C@H]3C(C[C@H]4C5CCC=C6C[C@@H](O)CC(O[C@@H]7OC[C@H](O)[C@H](O)[C@@H]7O)[C@]6(C)[C@H]5CC[C@]34C)O2)OC1,C=C1CCC2(OC1)OC1CC3C4CC=C5CC(O)CC(C[O+]=O)C5(C)C4CCC3(C)C1C2C
CCCCCCCCCC1C(C(C(C(=O)NC(C(=O)NC(C(=O)NC(C(=O)O1)CO)C(C)O)C(C)C)C)O)C,MassSpecGymID0186133,CCCCCCCC(NC(=O)C(C)CCC(C)N)C(=O)OC(CCCCCCC)C(=O)NC(C(=O)O)C(=O)O,CCCCC[C@H](NC(=O)[C@@H](C)C(O)O)C(=O)N[C@@H](C)C(=O)N[C@@H](C)C(=O)O[C@@H](CCCC)CC(C=O)C(C)C,CCCCCCCCCCC[C@@H](NC(=O)[C@H](C=O)OC(=O)[C@@H](NC(=O)CO)[C@H](C(C)C)N(C)C(=O)O)C(C)C
CC[C@@H](C)/C=C/C=C/C(=O)O[C@H]1C=CC2=CC(=O)[C@@](C[C@@]2([C@H]1C)C)(C(=C)C=O)O,MassSpecGymID0192057,COC1(C2=C(CC=C(C)C)CCC2(C)c2ccc(OO)ccoc(=O)cc2)CC1,COc1ccc2ccc(=O)oc2c1,CC=CC1(Oc2ccc3ccc(=O)oc3c2)OCO1
CC(=CCCC(C)(CCCC(C)(CCCC(C)(CCCC(C)(CCCC(C)(CCC/C(=C/CC/C(=C/CC/C(=C/CO)/C)/C)/C)O)O)O)O)O)C,MassSpecGymID0196090,CCCCCCCCC=CCCCCCCCC(=O)OC[C@H](COC(=O)CCCCCCCCCCCC)OC(=O)CCCCCCCCCC,CCCCCCC=CCCCCCCCC(=O)OCC(COC(=O)CCCCCCCCCCCCCCCCC)OC(=O)CCCCCCC,CCCCCCCCC=CCCCCCCCC(=O)OC[C@@H](COC(=O)CCCCCCC)OC(=O)CCCCC=CCCCCCCCC
CCCCC/C=C/C=C\C(=O)O[C@@H]1[C@@H]([C@@]2(C3C=C(C(=O)[C@]3(C=C(C(=O)C2C4C1(C4(C)C)OC(=O)C(C)C)CO)O)C)O)C,MassSpecGymID0198021,CC=C(C)C(=O)O[C@H]1C[C@H](OC)[C@@]2(C)[C@H](C)C[C@@H]2[C@@H](CC(=O)OC)[C@]1(C)[C@@H]1[C@H]2CC(=O)O[C@H]2[C@@H]2O[C@@H](c3ccoc3)[C@@]12C,CC=C(C)C(=O)O[C@H]1C[C@H](c2ccoc2)[C@@]2(C)[C@H]3C(C)=CC(=O)O[C@@H]3[C@@H]3O[C@H](OC)C[C@H](CC(=O)OC)[C@]3(C)CC[C@@]12C,CC=C(C)C(=O)OC1CC(CC(=O)OC)C2(C)C(C3OCC3(C)C3CC(C)C2C32CC(c3ccoc3)C(=O)O2)C1(C)C
CC1=CC2C(CCC3C24CCC(C3(C)C)OC4=O)(C5(C1(C(=C(C5=O)C)O)C)C(=O)OC)C,MassSpecGymID0203443,CC(=O)O[C@H]1[C@@H](c2ccc(=O)oc2)[C@@]2(C)CCC3C(CC[C@@H]4C[C@H](O)CC[C@]34C)[C@]23O[C@@H]13,CC(=O)O[C@@H]1[C@H]2O[C@@]23[C@@H]2CC[C@@](C)([C@H]3CC[C@@H]3C[C@@H](O)CC[C@@]32C)[C@H]1c1ccc(=O)oc1,CC(=O)OC1C2OC23C2CCC4CC(c5ccc(=O)oc5)CCC4(C)C2CCC13C
CC1=C(SC(=C1C#N)NC(=O)C(C(F)(F)F)(OC)F)C(=O)N2CCCCC2,MassSpecGymID0203612,CC(C(=O)c1noc(C(F)(F)F)n1)C(C)c1csc(C(C)(F)N2CCC2=O)c1,CC(C)c1noc(C(F)(F)F)n1,CC(C)c1cc(C(F)(S)CC(=O)C(C)(C)Cc2noc(C(F)(F)F)n2)no1
COC1=CC=C(C=C1)C(=O)NCC2=NN(C(=C2)C3CC3)C4CCCC4,MassSpecGymID0204199,CNc1ccccc1CN1CCN(Cc2ccc3c(c2)OCO3)CC1,[C]1N=C(CN2CCN(Cc3ccc4c(c3)OCO4)CC2)C2CCCC12,c1cc2c(cc1CN1CCN(Cc3cc4n(c3)CCC4)CC1)OCO2
CC(=O)CSC1=NC(=NC2=NC(=NC=C21)N3CCOCC3)SCC(=O)C,MassSpecGymID0206523,COc1nc2ccc(NC(C)=O)nc2s1,CSc1cc(NC(C)=O)nc(C)n1,CCc1ccsc1NC(C)=O
CCCCN(CC)C(=O)CSC1=NN=C2N1C=CN(C2=O)CC3=CC=CC=C3F,MassSpecGymID0206904,C=C1C(=O)Nc2cc3sc(=O)[nH]c3cc2NC1=C(CCCF)NCCN(CC)CC,C=C(C=O)C(=NCCF)NCCN(CC)CC,CCN(CC)CCNC(=N)/C=c1\c(=O)[nH]c2cc3sc(=CC=CF)[nH]c3cc12
CC(=O)NC1=CC=C(C=C1)N2C[C@]34C=CC(O3)C(C4C2=O)C(=O)NC5CC5,MassSpecGymID0208829,COc1ccc(C2NN(Cc3ccco3)C(=O)N2Cc2ccco2)cc1C,CCC1=C2NOc3ccc(cc3N2)C(CC)N(Cc2ccco2)C(=O)C1=O,CCn1ccc([C@@H]2N[C@H](Cc3ccco3)C(=O)N2Cc2ccco2)cc1=O
CC(C)C(=O)NC1=NN=C(C=C1)SCCN(C(C)C)C(C)C,MassSpecGymID0209913,CCCN1CCN(CCC)c2sc(C(N)C(C)C)nc2C1=O,CNN1CCN(Cc2nc(C(C)C)c(C(C)C)c(=O)s2)CC1,CCCC(c1nc(C(=O)NCC)c(C(C)C)s1)N(C)N1CC1
CC1(C2=C(CN1C(=O)N[C@H](CN(C)C)C3=CC=CC=C3)C(=NN2)N)C,MassSpecGymID0210193,Cn1nc(CN2CCc3nc(N4CCCCC4)cn3CC2)ccc1=O,CN1CCN(CC2=NC3=CC(N4CCN(C)CC4)=CC3=NC2=O)CC1,[CH2]Nn1cc(C)c(N2CCN(Cc3cc(=[NH2+])cc(C)[nH]3)CC2)cc1=O
CCN1C2=CC=CC=C2C3=C1N=C(N=N3)SCC(=O)OCC(=O)N(C4=CC=CC=C4)C5=CC=CC=C5,MassSpecGymID0211536,Cc1cccc(NC(=O)Nc2ccc(-c3csc4ncnc(N)c34)cc2)c1,Nc1ncnc2scc(-c3ccc(NC(=O)Nc4ccccc4)cc3)c12,[CH]Cc1cccc(NC(=O)Nc2ccc(-c3csc4ncnc(N)c34)cc2)c1
CC(C)N1C=C2C=C(SC2=C1)C(=O)NCCC3=CN=CC=C3,MassSpecGymID0212722,CC1=NC2=C(C1)NC1=C3C=C(C=C(C3)S2)C(C)(C)N(C)C1=O,c1ccc2c(c1)n1n2Cc2sc3c(c2CC1)CCC3,CN1C2=CC(=O)C(=C3CCCc4sc5c(c43)CCC5)N1C2
C1=CC(=CN=C1)CC2=NN=C(NC2=O)SCC(=O)C3=CC=CS3,MassSpecGymID0213408,CC1=NC(C2=NC(=O)N2)NC(=O)C1(c1cccs1)c1cccs1,O=C1OC(c2cccs2)(n2nnc(C3CC3)n2)C1c1cccs1,Cc1c(C)n2n1N(c1cccs1)C1=NC(=O)OC12c1cccs1
CC1CCC2=C(C1)SC3=C2C(=O)OC(=N3)C4=CC=CC=C4C,MassSpecGymID0213789,Cc1ccc(C(=O)C2[SH]=C2NC(=O)c2ccccc2C)cc1,Cc1ccc(C=CSC(=O)NC(=O)c2ccccc2C)cc1,CC(=S=NC(=O)C(=O)c1ccccc1C)c1ccc(C)cc1
CCCCOC1=C(C=C(C(=C1)C)C(C)C)S(=O)(=O)N2C=CN=C2,MassSpecGymID0214938,COc1cc(C2(C(C)C)NS2)c(OC)cc1N1CCC(=O)CC1,CCc1cc(N2CCN3C=C3C(C)(OC)S2)c(OC)cc1OC,COc1cc2c3c-2c1S1(C)N(CC3)C(=O)CN1[C@@H](OC)C(C)C
CC1=NN=C(S1)NC(=O)C2=NN(C=CC2=O)C3=CC=C(C=C3)Cl,MassSpecGymID0215323,CSc1ccc2c(=O)[nH]c(SC)cc2n1,CSc1nn2c(=O)c3cc4nc(Cl)c(SC)nc4nc2c(C)c3[nH]1,CSc1cnc2nc3[nH]c(=O)[nH]c(=O)c3cc2c(C)nc(C)c(Cl)n1
CC1=C(C=C(C=C1)N2C(=O)C(=C(N2)C)N=NC3=CC=CC(=C3O)C4=CC(=CC=C4)C(=O)O)C,MassSpecGymID0224184,COc1cc(OC)c2c(c1)C1C(C#N)=C(N)OC1(O)C1(C)c3ccccc3N1C(C#N)=C2C,COc1cc(OC)c(C2C(C#N)=C(N)ON3C(C4=C(C#N)c5ccccc5C4)C23)c(OC)c1,COc1cc2c(c(OC)c1)C1N(C2)C(C(C#N)=C(C)N)C2OC(=O)C1(C#N)c1ccccc12
CC(C)[C@@H](C(=O)NC1=NC(=CS1)C2=CC(=C(C=C2)C(=O)C3=CC(=C(C(=C3)OC)OC)OC)N4C=NC=N4)N,MassSpecGymID0224933,O=C(NN1CCCC1)c1nc2ccc(-c3cc(S(=O)(=O)N4CCCC4)nc4c3C(=O)CCC4)cc2c(=O)[nH]1,CN(C)CCn1nc(C(=O)NN2CCCC2)c2ccccc2c1=O,COc1nncn1-c1ccc(-c2cc(=O)n(-c3ccc(S(=O)(=O)N4CCCC4)cc3)cc(CCN(C)C)c2=O)s1
CC1=CC=CC=C1N=NC2=CC(=C(C=C2)N=NC3=C(C=CC4=CC=CC=C43)O)C,MassSpecGymID0032389,c1ccc(-c2nc3ccccc3[nH]2)cc1,Oc1nc2ccccc2[nH]1,CN1C(c2cc3ccccc3[nH]2)C(c2ccccc2)[O+]1c1nc2ccccc2[nH]1
COC1=C(C=C(C=C1)Cl)C(=O)NCCC2=CC=C(C=C2)S(=O)(=O)NC(=O)NC3CCCCC3,MassSpecGymID0035475,CCOC(=O)n1c(C(C)C)cc(C(C)S(=O)(=O)c2ccc(OC)c(Cl)c2)c1NC1C=CC=N1,COc1ccc(S(=O)(=O)[N+]2(c3ccc(C(=O)NC(C)C)c(Cl)c3)C=C(C)N2C(C)C)cc1[O-],COC(=Cc1c(C(C)=[N-])ccc(OC)c1C)C(C)C(=[NH2+])NS(=O)(=O)c1ccc(OC)c(Cl)c1
CC1(C2C(C3C(C(=O)C(=C(C3(C(=O)C2=C(C4=C1C=CC=C4O)O)O)O)C(=O)N)N(C)C)O)O,MassSpecGymID0051208,CC(=O)O[C@H]1[C@@H]([C@@H]2C(=O)C(C)(C)[C@@H]2N)O[C@H](N2C(=O)c3cccc(O)c3C2=O)[C@H]1OC(C)=O,CC(=O)O[C@@H]1[C@@H]2O[C@H](CC3C2=C(C(=O)c2c(C=O)cccc2C(N)=O)C3(N)O)[C@@H](O)[C@@]1(C)O,CC(=O)O[C@@H]1[C@@H](OC(C)=O)[C@H](N)[C@@H]2OC#C[C@](C)(O)C[C@H]1C(=O)c1c(O)cccc1C2=O
C1CN2C(=NN=C2C(F)(F)F)CN1C(=O)CC(CC3=CC(=C(C=C3F)F)F)NS(=O)(=O)O,MassSpecGymID0051457,CC(C)(CS(=O)(=O)C(=O)Nc1cccc(NF)n1)C(=O)c1nn(C(F)(F)F)cc1C(F)F,CC(C)(C[n+]1cc(-n2nc(C(F)F)cc2O)cc(C(F)F)n1)C(=O)C(=O)NC(=O)C(F)(F)F,CC(F)(F)S(=O)(=O)NC(=O)n1nc(O)cc1-c1ccc(-n2nc(C(F)F)cc2C(F)F)[te]1
C1=CC=NC(=C1)NS(=O)(=O)C2=CC=C(C=C2)N=NC3=CC(=C(C=C3)O)C(=O)O,MassSpecGymID0054352,O=C(O)NCc1nc(OS[C]Cc2ccc([N+](=O)[O-])cc2)nc2ccccc12,Cc1nc2c(cc3c4cccccc(NC(=O)O)c(oc4=O)sn13)c(=O)n2C,NOc1c(=O)c2c(cc3c4c(c(C(=O)O)nc13)=CC(CN[S+](N)[O-])=C4)C=CC=2
CC1=NC=C(C=C1)C2=C(C=C(C=N2)Cl)C3=CC=C(C=C3)S(=O)(=O)C,MassSpecGymID0055282,CC1SN(N)C(c2ccc(-c3ccc(Cl)cc3)cc2)=CC(=O)C1=O,Cc1ccc(C2=NC(=O)NC(C)(c3ccc(Cl)cc3)C(=O)S2)cc1,CC1(N)SC(=O)C(c2ccc(Cl)cc2)=C(c2ccc(N)cc2)C1=O
CC1=NC(=CC=C1)CON=C(C)C2=CC(=C(C=C2)Cl)CNC(=O)OC,MassSpecGymID0070653,COC1=CN=C(C)C1NCc1cc(Cl)ccc1CNC1=C(C)C(=O)O1,C[N]N=C([O-])N(Cc1ccccc1OC)Cc1ccc(Cl)cc1OC,CCN1C(=O)C(N)(NC/C=C2\C(=O)C(C)=C2OC)c2cc(Cl)ccc21
C1=CC(=CC=C1C#N)C(C2=CC=C(C=C2)C#N)N3C=NC=N3,MassSpecGymID0076053,N#Cc1cc(Nn2nc3ccccc3n2)c2ccccc2c1,N#Cc1cc2cc(c1)C=C(Nn1nc3ccccc3n1)C=C2,N#Cc1ccc2nc3ccccc3ncccnc2c1
CC1=CC2=C(C(=C1)O)C(=C3C(=O)C4C(C5C3(C2=O)C6C(C5C47C(=C(C8=C(C7=O)C=C(C=C8O)C)O)C6=O)O)O)O,MassSpecGymID0086672,O=C1C[C@H](c2ccc([C@H]3Oc4cc(O)cc(O)c4O[C@H]3c3ccc(O)cc3)cc2)Oc2cc(O)cc(O)c2C1=O,O=C1C[C@H]([C@@H]2C(=O)c3c(O)cc(O)cc3O[C@@H]2c2ccc(O)cc2)[C@@H](c2ccc(O)cc2)Oc2cc(O)cc(O)c21,O=C1C[C@@H](c2ccc(O)cc2)Oc2cc(O)cc(O)c21
C=CC1C(C(=COC1OC2C(C(C(C(O2)CO)O)O)O)C(=O)O)CC3=NC=CC4=C3NC5=CC=CC=C45,MassSpecGymID0126630,C=C[C@H]1[C@H](OC2OC(CO)C(O)C(O)C2O)OC=C2C(=O)N3CCc4c([nH]c5ccccc45)[C@@H]3C(=O)[C@@H]21,C=C[C@@H]1OC=C2C(=O)[C@@H](O[C@@H]3O[C@H](CO)[C@H](O)[C@H]3O)C[C@H]2[C@H]1[C@@H]1Cc2c([nH]c3ccccc23)C(=O)N1O,C=C[C@@H]1[C@@H](O[C@H]2O[C@H](CO)[C@@H](O)[C@H](O)[C@H]2O)OC=C2C(=O)N3CCc4c([nH]c5ccccc45)[C@H]3C[C@@H]21
CCOC(=O)C1(CCN(CC1)CCC(C#N)(C2=CC=CC=C2)C3=CC=CC=C3)C4=CC=CC=C4,MassSpecGymID0142449,CN1CC2(c3ccccc31)c1ccccc1-n1c3c(c2c1C(C)(C)CC=O)C(=O)CC(C)(C)C3,CC1(C)CC(=O)C2=C(C1)c1ccccc1ON(c1cc3ccc1CC3)C21C2CC13CNCCC23,CC1Nc2ccccc2C2(O1)C(=O)CC(C)(C)C1=CC=CC=CC1CN1c3ccccc3C12C
CCCCCCCCCC(=O)OC1C(C(C(OC1OC2(C(C(C(O2)CO)O)OC(=O)C(C)C)CO)CO)OC(=O)C(C)C)OC(=O)C(C)C,MassSpecGymID0154356,CCC(C)C(=O)OC(COC(OC(=O)CC(C)C)C(C)CC)C(=O)C(CC(=O)OC1OC(CO)C(OC(C)=O)C(O)C1O)C(O)C(C)CC,CC[C@@H]1[C@@H](OC(=O)CC(OC(=O)C(C)C)C(C)C)[C@H](OC(=O)[C@@H](OC(=O)[C@@H](O)[C@H](O)CO)[C@@H](C)CC)O[C@H](CO)[C@H]1OC(=O)CC(C)C,CCC(C)C(O)CC(=O)O[C@@H]1[C@@H](O[C@]2(CC(C)O)O[C@H](CO)[C@@H](OC(=O)C(C)C(C)CC(C)C)[C@H](CO)[C@H]2O)O[C@H](O)[C@@H]1OC(C)=O
CC(C)C(C(=O)N1CCCC1C(=O)NC2=C(C=CC=C2O)C(=O)O)NC(=O)C3=CC=C(C=C3)O,MassSpecGymID0157809,COc1cc(O)ccc1CNC(=O)C1CCCN1C(=O)CN,COc1ccccc1NC(=O)[C@@H]1CCCN1C(=O)N1CCC[C@@H]1C(=O)Oc1c(O)cccc1OC,COc1cccc(O)c1OC(=O)C1CCCN1C(=O)N1CCCC1C(=O)NCc1ccccc1O
CC1=C2COC(=O)C2=C(C3=C1O[C@]4(C[C@H]([C@@]56[C@@]([C@H]4C3)(CC[C@@](O5)(OC6(C)C)OC)C)OC(=O)C)C)OC,MassSpecGymID0168902,COc1cc2c(c(OC)c1C(=O)OCC(=CC13C=C(C)C(O)C(C)(O)C1(C)C(=O)O3)C(C)C)C(C)(O)C2,COc1c(C)cc2c(c1C)C(=O)OC(C)(O)C2O,COc1c(C)c2c(c(CC3(C)CC3C)c1OC)C(C)(O)OC2=O
CCC1=CC=CC=C1N2C(=CN3C2=NC4=C3C(=O)N(C(=O)N4C)[C@@H](C(C)C)C(=O)OC)C,MassSpecGymID0179539,COC(=O)C(C)c1nc2c3c4cc(C(C)C)c(=O)n(C)c4c(C)nc3n(C)c2c(=O)n1C,C=c1n([C@@H](C)C(=O)OC)c(=O)c2cc3c(=O)n(C)c4cc(C(C)C)n(C)c4nc3c2n1C,COC(=O)C(C)n1cnc2c(cc(C)c(=O)n2C)c1=O
CC1(C2CC3C(C(=O)C(=C(C3(C(=O)C2=C(C4=C1C=CC=C4O)O)O)O)C(=O)N)N(C)C)O,MassSpecGymID0180533,CN(C)[C@@H]1C(=O)[C@@H](N(C)C)C23C[C@H]1[C@@H](OC1C(=O)c4cccc(O)c4C1=O)OC2(O)C3=O,[3H]C(C1C=C(C2=C(O)c3c(O)cccc3C2=O)C(=O)[C@@H](N(C)C)[C@H](N)O1)C1OC(C(C)=O)O1,CN(C)C1C(=O)c2c([O-])cccc2C(O)C1(O)N(C)C(=O)Cc1cccc(O)c1C([O])O
CC(CCCCC(=O)NC1=CC=C(C=C1)C(F)(F)F)NCCC2=CN=CN2,MassSpecGymID0182775,CCCc1cc(N2CCC(c3nc(=O)n(CCC)[nH]3)C2)cc(C(F)(F)F)c1,CCC1CN(c2cc(C(F)(F)F)cc(N3CN4CCC3(CC)C4)n2)CC1=O,CCC1C=C(C)N(c2cc(C(F)(F)F)cc(N3CCC(=O)N(C)CC3)n2)C1
CCCCCCCCCC1=C(C(=CC(=C1O[C@H]2[C@@H]([C@H]([C@@H]([C@H](O2)CO)O)O)O)O)O)O[C@H]3[C@@H]([C@H]([C@@H]([C@H](O3)CO)O)O)O,MassSpecGymID0185614,Cc1ccc(C(CO)C2OC(C)C(C)C(OCC3OC(OC4OC(CO)C(O)C(O)C4O)C(O)C(O)C3O)C2C)o1,CC1OCC=CC(OC2OC(CO)C(OC3OC(CO)C(O)C(O)C3O)C(O)C2O)C(C)C(C)OC=CC=C1CO,CC1OC(COC2OC(CO)C(O)C(C3C(O)=CC(C)C(O)C3O)C2O)C(OC2OC(C)C(C)C(O)C2O)C=C1O
CC(CCC(C(C)(C)O[C@H]1[C@@H]([C@H]([C@@H]([C@H](O1)CO)O)O)O)O[C@H]2[C@@H]([C@H]([C@@H](CO2)O)O)O)C3CC[C@@]4([C@@]3(CC[C@]56C4[C@H](CC7[C@]5(C6)C(=O)C=CC7(C)C)O)C)C,MassSpecGymID0194710,CC1(C)CC[C@]2(C(=O)O)CC[C@]3(C)C(=CC[C@@H]4[C@]5(C)CC[C@@H](O[C@H]6OC[C@@H](O)[C@H](O)[C@@H]6O[C@H]6O[C@H](CO)[C@@H](O)[C@H](O)[C@H]6O)C(C)(C)[C@@H]5CC[C@]43C)[C@@H]2C1,CC1(C)CC[C@@]2(C(=O)O)CC[C@]3(C)C(=CC[C@@H]4[C@@]5(C)CC[C@@H](O[C@@H]6O[C@@H](CO)[C@@H](O)[C@H](O)[C@H]6O[C@@H]6OC[C@H](O)[C@@H](O)[C@H](O)[C@H]6O)C(C)(C)[C@@H]5CC[C@]43C)[C@@H]2C1,CC1(C)CC[C@]2(C(=O)O)CC[C@]3(C)C(=CC[C@@H]4[C@@]5(C)CC[C@H](O[C@@H]6OC[C@H](O)[C@H](O[C@@H]7O[C@H](CO)[C@@H](O)[C@H](O)[C@H]7O)[C@H]6O)C(C)(C)[C@@H]5CC[C@]43C)[C@@H]2C1
CC(=C)C1CCC2(C(C1(C)CCC(=O)O)CC(C3C2(CCC3C(C)(CCC(C(=C)C)O)O)C)OC4C(C(C(O4)COC(=O)C)O)O)C,MassSpecGymID0197823,CC(=O)OC1CC(C)C2CC[C@H]3C(C)(C)[C@@H](O[C@@H]4OC[C@@H](O)[C@H](O)[C@H]4O)CC[C@@]3(C)C23CC3OC(C2(C)CCC(C(C)(C)O)O2)C1,CC(=O)O[C@H]1CCC23CC24CCC2(C)[C@@H]3[C@@H]([C@@]3(C)CC[C@@H](C(C)(C)O)O3)CC2(C)[C@H]4C[C@@H](O)C1(C)CO,CC(=O)OC1C[C@]2(C)[C@@H]3CCC[C@H](O[C@@H]4OC[C@H](O)[C@H](O)[C@H]4O)C(C)(C)C1[C@](C)([C@@H]1C[C@H]12)[C@@H]([C@@]1(C)CC[C@@H](C(C)(C)O)O1)CC3
C[C@@H]1[C@H]([C@@H](C[C@@H](O1)C2=C(C3=C(C=C2)C(=O)C4=C(C3=O)C=C[C@]5([C@@]4(C(=O)CC(C5)(C)O)O)O)O)O)O,MassSpecGymID0197998,[2H]Oc1cc(C2[C@H](O)[C@H](C)C2([2H])[2H])c2c(c1O)C(=O)c1c(O[C@@H]3O[C@@H](C)[C@H](O)[C@H](O)[C@@H]3O)cccc1C2=O,COc1cc(O)c2c(c1)C(=O)c1ccccc(O)c(O)c(OC3OC(C)C(O)C(O)C3O)c(C)c1-2,COc1cc([C@@H]2C[C@@](O)(O[C@@H]3O[C@@H](C)[C@H](O)[C@@H](O)[C@H]3O)[C@@H](C)O2)c2c(c1O)C(=O)c1ccccc1C2=O
CC1C2=NC(=C(O2)C)C(=O)NC(C3=NC(=CS3)C(=O)NC(C4=NC(=CS4)C(=O)N1)CCSC)C,MassSpecGymID0199840,C[C@@H]1SCC(=O)[C@H]1NC(=O)c1nc(-c2csc(N)n2)cs1,C[C@@H]1CS[C@@H](C)[C@]1(N)C(=O)N(C(=O)N[C@@H]1C(=O)N2C(=O)CS[C@H]12)[C@H]1CCC(c2cscn2)=N1,CC1SC[C@H]2C(c3nc(-c4csc(NC(=O)[C@@H](C)N5C(=O)[C@@H](C)CS[C@H]5C)n4)cs3)C(=O)N2C1=O
CC1=C(C=C(C=C1)NC(=O)C2=CC=C(C=C2)CN3CCN(CC3)C)NC4=NC(=CS4)C5=CN=CC=C5,MassSpecGymID0202711,Cc1cc(Nc2cccnc2)cc(Nc2cc(O)nc(-c3cc(C)c(CN4CCN(C)CC4)s3)c2)c1,CN1CCN(Cc2ccc(-c3ccnc(Nc4ccnc(-c5ccccc5)c4)n3)s2)CC1,Cc1cc(Nc2nccc(-c3ccc(Cc4csc(CN5CCN(C)CC5)c4)nc3)n2)cc(C)c1[O]
CCC1C(C(C(C(=O)C(CC(C(C(C(C(C(=O)O1)C)OC2CC(C(C(O2)C)O)(C)OC)C)OC3C(C(CC(O3)C)N(C)C)OC(=O)CCC(=O)OCC)(C)O)C)C)O)(C)O,MassSpecGymID0202787,COC1CC(C)CC(C(OC2OC(C)C(OC3OC(CO)C(O)C(O)C3O)CC2C)C(C)CNC2C(OC3OC(CO)C(O)C(O)C3O)C(C)CC(C)(O)C2C)C1C,COC1C(OC2OC(C)C(OC3OC(CO)C(O)C(O)C3O)CC2C)C(C)OC(CC(O)CCC(C)C(C)C(O)ONC(C)C2OC(C)C(O)C(C)C2C)CC1(C)O,CCC(C)C1CC(C(C)C(O)CC(C)C2O[C@H](C)[C@@H](OC3O[C@H](CO)[C@@H](O)[C@H](O)[C@H]3O)[C@@H](O[C@@H]3O[C@H](CO)[C@H](O)[C@H](O)[C@H]3O)[C@H]2C)NC2C3CC2(C)C3CC1OC
C1CCC(CC1)CC(=O)NC2=C3CSCC3=NN2CC(=O)NCC4CCCO4,MassSpecGymID0205123,Cc1sc(=O)c2nc1CCN1CCCN(C)CC(=O)N(C)CC(=O)C2(C)CC1,CC1CCc2nn(C)c(=O)nc2C1,O=C1c2sc(NC3CCCC3)nc2CCN1CC1(NC2CCCO2)CCCCO1
CC1=CC=C(C=C1)C2=NC(=C(N2)C3=CC=CC=C3)SCC(=O)NCCOC,MassSpecGymID0205275,COCCN1Cc2ccc(C(=O)NCCc3nc4ccccc4s3)cc2C1,COCCN(C(=O)CCc1nc2ccccc2s1)N1Cc2ccccc2C1,COCCNC(=O)CCc1nc2ccccc2s1
CC(=O)NC1=CC=C(C=C1)C2=C(SC(=C2)C(=O)C3=CC=CC=C3)N4CCOCC4,MassSpecGymID0207476,CCc1nc(-c2cccc(C(=O)c3ccccc3)c2)c(C(=O)N2CCOCC2)s1,CC1=NC(=O)C(C)(C(c2ccccc2)(c2ccccc2)N2CCOCC2)C(=O)S1,COc1ncc(N2CCOCC2)s1
CC1=C(C=C(C=C1)N2C(=O)C3=C(C=C(C=C3)C(=O)OC)N=C2N4CCSC4)F,MassSpecGymID0207974,CCc1cc2[nH]c1n(C)c1cc(OC)c2SC(=O)N(c2ccc(F)cc2)C1=O,COC1=Cc2c(cc(OC)n(-c3ccc(F)cc3)c2=O)C(=S)N(C)C2C=NC12,COc1cc2c(=O)n(-c3ccc(F)cc3)c(C)nc2cc1-c1sc(C)nc1OC
CCC(CC)N1CCN(CC1)CC2=NC3=CC=CC=C3C(=O)N2C4=CC=C(C=C4)F,MassSpecGymID0208689,CN1CCN(CCCOc2ccc(-c3cc(-c4ccc(F)cc4)n(C)n3)cc2)CC1,CN1CCN(CCCOc2ccc(-c3cc(-c4ccc(F)cc4)nn3C)cc2)CC1,Cc1nc(-c2ccc(OCCN3CCN(C)CC3)cc2)c(-c2ccc(F)cc2)n1C
CCOC(=O)C1=C(N2C(=NN=C2SCC(=O)C3=CC=CS3)S1)C,MassSpecGymID0209540,C[N-]C(=O)C1O[S+](SCC(=O)Nc2nccs2)c2ccccc21,CCC(=O)SC1=CC=CC=CC(=O)N1SNC(=O)c1nccs1,CSCC(=O)Nc1nccs1
CC(C)(C)N1C2=C(C=N1)C(=O)N(C=N2)CCC(=O)N(C)CCC#N,MassSpecGymID0209809,CCC1=C2C(=O)NC(=NCCC2=C(C)N2N=CN(C)NC2=O)CC1,CCC1=NN2CCC(C)=C2CCN(CC)C2=NC(=NC1=O)C(=O)N2,CCc1cnn(C)c1
CCOC1=CC=CC=C1S(=O)(=O)NC2=CC=CC(=C2)C3=CN=C4N3CCC4,MassSpecGymID0210092,[2H]C(Oc1ccc(C)cc1)N(c1ccc(C)cc1)c1ncc(S(C)(=O)=O)cn1,CC1=CC(=CC(=O)Nc2ccc(S(C)(=O)=O)cc2)NN1c1ccc(C)cc1,Cc1ccc(Nc2ccc(Nc3ccc(S(C)(=O)=O)cc3)cc2)cc1
CC1=C(C(=NO1)C)C(=O)N2CCC(CC2)N(C3CC3)C4=CC(=NC=N4)OC,MassSpecGymID0210306,COc1ccn(N2CCN(C)CC2)c(=O)c1,COc1cc(=O)c2nn1CCN2CCN,COn1ccc(CN2CCC2)cc1=O
CC1=C2C(=CC=C1)C=C(C(=N2)NCCC3=CC=CC=N3)C4=NOC(=N4)C,MassSpecGymID0210496,Cc1nc(CN2CN(c3ccccc3)C(c3ccccc3)=N2)cc(=O)[nH]1,Cc1cc(-c2ccccc2)nc(=O)[nH]1,Cc1nc(=O)cc(-c2ccccc2)[nH]1
C1CCC2(CC1)CN(CC2C(=O)NCC3=CC=CC=N3)S(=O)(=O)C4=CC=CS4,MassSpecGymID0210529,Cc1cc(N2CCCC(c3ccc(S(=O)(=O)N4CCCCC4)s3)C2)c2c(=O)n12,O=c1cc(Cc2ccc(S(=O)(=O)N3CCCCC3)s2)cc2n1N1CCC2CC1,Cc1cc(S(=O)(=O)N2CCCCCC34CN(C=CC=CN=C2C3=O)C4)sc1C
CCC1=CN=C2C(=C1N3CCCC(C3)C(=O)OCC)C(=O)N(C(=O)N2C)C,MassSpecGymID0210816,CCOc1cc2cc(=O)n1CCN(C)CC2,CCc1cc(=O)n2c(n1)CCN2C,CCOC1=NC2=CC(=O)NC2=C1
CC1=C(C(=NO1)C)C2CCCN2C(=O)C3=C(C=NN3C)Cl,MassSpecGymID0211212,CN1C(=O)C=C1C[C@H]1CCCN1C(=O)c1cc(Cl)nn1C,Cn1nc(Cl)cc1C(=O)C1CCCC1c1cc(=O)n(C)[nH]1,Cn1nc(Cl)cc1C(=O)C1CCC(c2cc(=O)n(C)[nH]2)C1
CC1=C(C=NO1)C(=O)NCCC2=CC=C(S2)C3=CN(N=C3)C,MassSpecGymID0211596,Cc1c(C)/c(=N\NCc2ccc(N3C(=O)CC=C3N)s2)c1=O,NC1=CC(=O)C=C(NCc2cc(N)cc(N)c(=O)c2)C=CS1,Cc1cc2cc(C)c(=O)c(N)nc2s1
CC1=CC(=C(N1C2=C(C3=C(S2)CCCC3)C#N)C)/C=N\NC(=O)C4=CC=NC=C4,MassSpecGymID0212010,Cc1cc(C#N)sc1N1CCN(c2cc(C#N)cc(N3C=CC(=O)CC3)c2)CC1,CC(=O)c1ccccc1N1CCN(c2ncc(C#N)s2)CC1,N#CC1=Cc2sc3c(c2CC1)CC(N1CCN(c2ccc(C#N)nc2)CC1)C3=O
CC1=NC(=CC(=N1)NC2=CC=CC=N2)NCCNC(=O)C3=CC=C(C=C3)Cl,MassSpecGymID0212443,O=C(c1ccc(Cl)cc1)N1CCN(c2cc(Nc3ccc[nH]3)ncn2)CC1,O=C(c1ccc(Cl)cc1)N1CCN(c2cc(Nc3ccccn3)[nH]n2)CC1,O=C(c1ccc(Cl)cc1)N1CCN(c2ccc(N3C=CNC=C3)nn2)CC1
CC1CCN(CC1)C(=O)C2=CC3=C(S2)CCC(C3)C(=O)NCC4=CN=CC=C4,MassSpecGymID0212530,CN1CCc2ccccc2CCCN(CNC(=O)c2cc3c(s2)CCC3)C1=O,O=C(NCc1cc2c(s1)CCCC2)c1ccc2n1N(C1CCCC1)C(=O)CC2,CCCC1=CN2C(=O)C2=CC(C(=O)NCNCc2cc3c(s2)CCCCC3)=C1
CCOC1=NC=C(C=C1)C(=O)N2CC(C2)CN3C=CN=C3C,MassSpecGymID0213416,CCOc1ncccc1C(=O)C1c2ncc(n2C)CCN1C,CCOc1ncccc1C(=O)N1CCc2c(C)ncn2CC1,CCOc1ncccc1C(=O)N1CCC(=CC2C=NN2C)C1
CCCN1C(=O)C2=C(N=C(S2)N3CCCC3)N(C1=O)CC(=O)NC4=C(C=CC(=C4)Cl)C,MassSpecGymID0214882,CCC1N(C)c2nnc(SCC(=O)OC3=C(C)C3(CC)NC(=O)c3ccc(Cl)cc3)n21,CC(OCO)C1(c2ccc(Cl)cc2)Cc2nnc(SCC(=O)c3ccn(C)c3)n2N1C,CN1CC[C@H]2[C@@H](OC[NH-])C[C@@]1([N-]C(=O)c1ccc(C(=O)[NH+]c3ccc(Cl)cc3)s1)N2C
CCN(CC)C1=CC=C(C=C1)CN(C2=CC=CC=N2)C(=O)C3=CC(=C(C(=C3)OC)OC)OC,MassSpecGymID0216198,CCN(CC)c1ccc(N(c2ccccn2)C(OC)C(=O)C(O)(OC)c2ccccc2)cc1,CCN(CC)c1ccc(N(CN(C(=O)OO)c2ccccc2)C(OC)c2ccccc2)cc1,CCN(CC)c1ccc(N(C(=O)c2cccc(N(COC)OOC)c2)c2ccccc2)cc1
C1=CC(=C(C(=C1)F)C(=O)NC2=NN(C=C2)CC3=C(C=C(C=C3)O)C(F)(F)F)F,MassSpecGymID0219119,O=C(Nc1ccccc1C(F)(F)OC(F)F)c1n[nH]cc1-c1cccc(F)c1,O=C(NOn1ccc(C(F)(F)F)c1F)Nc1ccccc1-c1cccc(F)c1,O=C(Nc1ccccc1-c1cccc(F)c1)On1cccc1N(F)C(F)(F)F
CCN1CCN(CC1)CC2=C(C=C(C=C2)NC(=O)C3=CC(=C(C=C3)C)OC4=C5C=CNC5=NC=C4)C(F)(F)F,MassSpecGymID0219478,CON(c1cc(F)c(F)cc1C)c1ncc(C)n1Cc1cc(NC(=O)Nc2ccc(C)c(C)c2)cc(C)c1F,Cc1ccc(NC(=O)Nc2ccc(NC(=O)Nc3ccc(C)c(F)c3F)cc2CN2CC[CH]CC2)cc1F,Cc1cc(NC(=O)Nc2cccc(C)c2F)ccc1CN1CCC(F)=NC1
CC1=NC=C(N1)C2=CSC(=N2)N=C(N)N,MassSpecGymID0221613,Nc1ccc(NCc2csc(N)n2)nn1,Nc1nccs1,Cc1nnnn1-c1nc(N)cs1
CC1=CC=C(C=C1)C[C@H]([C@]23C=C[C@H](O2)C(=C3C(=O)OC)C(=O)OC)NC4=CC=CC=C4,MassSpecGymID0222136,COc1ccc2cc(C(NC(OC)OO)c3ccc4cc(OC)ccc4c3)ccc2c1,COc1ccc2cc(C(NC(=O)O)c3ccc4cc(OC)ccc4c3)ccc2c1,COc1ccc2cc(C(NC(=O)O)C(=O)c3ccccc3)ccc2c1
C1CCC(C1)C2=C(C=CC(=C2)C3=CNC4=C3C=C(C=N4)C5=CC=CC=C5)C(=O)O,MassSpecGymID0222364,[CH2]C(=O)OCn1c(C[CH]C)nc2cc(-c3ccc(-c4ccccc4)cc3)ccc21,COC(=O)Cn1ncc(-c2ccc(-c3ccc(-c4ccccc4)cc3)cc2)c1C,C=CCOOCn1c(C=C)cc2cnc(-c3ccc(-c4ccccc4)cc3)cc21
C1CNCCC1NC2=CC=CC(=N2)C3=CN=C4N3C=CC=C4,MassSpecGymID0224157,c1cc2nc3c(cc2nc1C1CCNC1)=NC=3C1CCNC1,C1=C(C2CCNC2)N=c2nc3c(nc21)=CC=C3C1CCNC1,c1ccc(-c2nc(C3CCNC3)cc(C3CCNC3)n2)nc1
CC(C)C(CCCN(C)CCC1=CC(=C(C=C1)OC)OC)(C#N)C2=CC(=C(C=C2)OC)OC,MassSpecGymID0014731,COc1ccc(CCNCCCCC(C#N)(c2ccc(OC)c(OC)c2)C(C)C)cc1OC,COc1ccc(CCNCCCC(CC#N)(c2ccc(OC)c(OC)c2)C(C)C)cc1OC,COc1ccc(CCNCCC(C)C(C#N)(c2ccc(OC)c(OC)c2)C(C)C)cc1OC
CC1=C(C=C(C=C1)NC(=O)C2=CC=C(C=C2)CN3CCN(CC3)C)NC4=NC=CC(=N4)C5=CN=CC=C5,MassSpecGymID0027372,CN1CCN(Cc2ccc(C(=O)Nc3nccc(-c4ccc5c(c4)[NH2+]c4ccccc4[NH2+]5)n3)cc2)CC1,CN1CCN(Cc2ccc(C(=O)Nc3cccc4c(NN)nc(-c5ccc6c(c5)NC6)cc34)cc2)CC1,CN1CCN(Cc2ccc(C(=O)Nc3cccc(Nc4ncc5cccc6c5c4CNC6)n3)cc2)CC1
CCOC1=NC2=CC=CC(=C2N1CC3=CC=C(C=C3)C4=CC=CC=C4C5=NNN=N5)C(=O)O,MassSpecGymID0028445,CCOc1nc2cccc(C(=O)O)c2n1Cc1ccc(-c2ccccc2-c2nn[nH]n2)cc1,[3H]COc1nc2cccc(C(=O)OC)c2n1Cc1ccc(-c2ccccc2-c2nn[nH]n2)cc1,CCOc1nc2cccc([C+]([O])O)c2n1Cc1ccc(-c2ccccc2-c2nn[nH]n2)cc1
CCOC(=O)C1=CN2C(=CC(=N2)OP(=S)(OCC)OCC)N=C1C,MassSpecGymID0030204,CCOC(=O)c1ccc2cc(OP(=S)(NCOC)OCC)nn2c1,CCOC(=O)c1cc2nc(O[PH](CC=S)(OC)OC)nn2cc1C,CCCc1nc2cc(O[PH](=S)OOCC)nn2cc1C(=O)OCC
CCCCC1=NC2(CCCC2)C(=O)N1CC3=CC=C(C=C3)C4=CC=CC=C4C5=NNN=N5,MassSpecGymID0037597,CCCCc1nc(CC)c(CC=O)n1Cc1ccc(-c2ccccc2-c2nn[nH]n2)cc1,CCCCC1=NC2(Cc3ccc(-c4ccccc4-c4nn[nH]n4)cc3)C(=O)CN2CCC1,CCCCC1=NC2(CCC2)C(=O)N1Cc1ccc(-c2ccccc2-c2nn[nH]n2)cc1
CC(C)(C1=CC=CC=C1CCC(C2=CC=CC(=C2)C=CC3=NC4=C(C=CC(=C4)Cl)C=C3)SCC5(CC5)CC(=O)O)O,MassSpecGymID0040046,CC(=O)CCSCCC=Cc1cccc(C(O)c2cccc(C(O)C3CN(c4ccc5ccc(Cl)cc5c4)C3)c2)c1,CC=Cc1cccc(C(O)c2cccc(C(S/C=C/CC(=O)O)c3ccc4ccc(Cl)cc4c3)c2)c1,O=C(O)CCS/C=C/c1ccc2ccc(Cl)cc2c1
COC=C(C1=CC=CC=C1OC2=NC=NC(=C2)OC3=CC=CC=C3C#N)C(=O)OC,MassSpecGymID0051503,COCC=C(C(=O)O)c1ccccc1Oc1cc(Oc2ccccc2C#N)ncn1,CO/C(C)=C(/C(=O)O)c1ccccc1Oc1cc(Oc2ccccc2C#N)ncn1,[2H]O/C=C/C(OC)=C(O)c1ccccc1Oc1cc(Oc2ccccc2C#N)ncn1
CCC(C)N1C(=O)N(C=N1)C2=CC=C(C=C2)N3CCN(CC3)C4=CC=C(C=C4)OCC5COC(O5)(CN6C=NC=N6)C7=C(C=C(C=C7)Cl)Cl,MassSpecGymID0052603,CC(C)n1ncnc1COc1ccc(N2CCN(c3ccc(OC[C@@H]4CO[C@@](Cn5cncn5)(c5ccc(Cl)cc5Cl)O4)cc3)CC2)cc1,CC(C)n1nccc1Nc1ccc(N2CCN(c3ccc(OC[C@@H]4CO[C@@](Cn5cncn5)(c5ccc(Cl)cc5Cl)O4)cc3)CC2)c(O)c1,CC(C)n1cnnc1NNc1ccc(C2CC(COc3ccc(OCC4COC(Cn5cncn5)(c5ccc(Cl)cc5Cl)O4)cc3)C2)cc1
COC1=CC(=NC(=N1)NC(=O)NS(=O)(=O)C2=C(C=CC(=C2)CNS(=O)(=O)C)C(=O)OC)OC,MassSpecGymID0053008,COC(=O)c1ccc(C(=O)OC)c(S(=O)(=O)NS(=N)(=O)CNc2nc(OC)cc(OC)n2)c1,COC(=O)c1ccc(OC)cc1S(=O)(=O)NC(=N)NS(=O)(=O)Cc1nc(OC)cc(OC)n1,COC(=O)c1ccc(C(=O)OC)c(S(=O)(=O)NS([NH-])([O])NCc2nc(OC)cc(OC)n2)c1
C1=CC(=C[N+](=C1)[C@H]2[C@@H]([C@@H]([C@H](O2)COP(=O)([O-])OP(=O)(O)OCC3C(C(C(O3)N4C=NC5=C(N=CN=C54)N)O)O)O)O)C(=O)N,MassSpecGymID0059647,Nc1ncnc2c1ncn2[C@@H]1O[C@H](COP(=O)(O)OP(=O)(O)OC[C@H]2O[C@@H](n3ccc4cc[nH]c43)[C@@H](O)[C@@H]2O)[C@H](OO)[C@H]1O,Nc1ncnc2c1ncn2[C@@H]1O[C@H](COP(=O)(O)OP(=O)(O)OC[C@@H]2O[C@@H]3C=C(C(=O)NCN=O)CCC3=C2O)[C@@H](O)[C@H]1O,CC(=O)c1c(C)ncn1[C@@H]1O[C@@H](COP(=O)([O-])OP(=O)(O)OC[C@@H]2O[C@@H](n3cnc4c(N)ncnc43)C(O)C2O)C1O
C1[C@H]([C@H](OC2=CC(=CC(=C21)O)O)C3=CC(=C(C(=C3)O)O)O)OC(=O)C4=CC(=C(C(=C4)O)O)O,MassSpecGymID0064677,O=C(O[C@H]1Cc2c(O)cc(O)cc2O[C@H]1c1cc(O)c(O)c(O)c1)c1cc(O)c(O)c(O)c1,O=C(OC1Cc2c(O)cc(O)cc2OC(c2ccc(O)c(O)c2)O1)c1cc(O)c(O)c(O)c1,O=C(O[C@H]1Cc2cc(O)cc(O)c2OC1c1cc(O)c(O)c(O)c1)c1cc(O)c(O)c(O)c1
C1[C@H]([C@H](OC2=CC(=CC(=C21)O)O)C3=CC(=C(C(=C3)O)O)O)OC(=O)C4=CC(=C(C(=C4)O)O)O,MassSpecGymID0064693,O=C(O[C@H]1Cc2c(O)cc(O)cc2O[C@H]1c1cc(O)c(O)c(O)c1)c1cc(O)c(O)c(O)c1,O=C(O[C@H]1Cc2c(O)cc(O)cc2OO[C@H]1c1ccc(O)c(O)c1)c1cc(O)c(O)c(O)c1,O=C(OC1Cc2cc(O)c(O)cc2OC1c1cc(O)c(O)c(O)c1)c1cc(O)c(O)c(O)c1
C1[C@H]([C@H](OC2=CC(=CC(=C21)O)O)C3=CC(=C(C(=C3)O)O)O)OC(=O)C4=CC(=C(C(=C4)O)O)O,MassSpecGymID0064730,O=C(O[C@H]1Cc2c(O)cc(O)cc2O[C@@H]1c1cc(O)c(O)c(O)c1)c1cc(O)c(O)c(O)c1,O=C(O[C@H]1Cc2c(O)cc(O)cc2O[C@H]1Oc1cc(O)cc(O)c1)c1cc(O)c(O)c(O)c1,O=C(OC1Cc2c(cc(O)cc2-c2cc(O)c(O)c(O)c2)OC1O)c1cc(O)c(O)c(O)c1
CC1(C2CC3C(C(=O)C(=C(C3(C(=O)C2=C(C4=C1C=CC=C4O)O)O)O)C(=O)N)N(C)C)O,MassSpecGymID0076538,C=C1c2cccc(O)c2C(O)=C2C(=O)[C@]3(O)C(O)=C(C(N)=O)C(O)[C@@H](N(C)C)C3C(O)C12,C=C1[C@H](N(C)C)[C@@H](O)[C@@H]2Cc3cccc(O)c3C(O)=C2C(=O)[C@]2(O)C(=O)C(C(N)=O)C12O,[2H][C@]1([C@H](C)O)c2cccc(O)c2C(=O)C2C(=O)[C@]3(O)C(O)=C(C(N)=O)C(=O)[C@@H]3[C@H](N(C)C)[C@@H]21
CC1C(=O)NC(C(=O)NCCCCC(C(=O)NC(C(=O)NC(C(=O)N1C)CCC2=CC=C(C=C2)O)C(C)C)NC(=O)NC(CC3=CC=C(C=C3)O)C(=O)O)CC4=CC=CC=C4,MassSpecGymID0077268,CCC(C)C1NC(=O)C(CCc2ccc(O)cc2)N(C)C(=O)C2CCCN2C(=O)C(Cc2ccccc2)NC(=O)C2CCCCN2CCc2oc(NC(=O)O)cc2NOC1=O,CCC(C)C1NC(=O)N2CCCC2C(=O)NC(Cc2ccccc2)C(NCC(Cc2ccc(O)cc2)C(=O)O)C2CCC(=O)C=C(N2)C(=O)C(NC(=O)O)C2CCCN2C1=O,CC[C@@H](C)C1NC(=O)C(Cc2ccc(O)cc2)NC(=O)C2CCCN2C(=O)C(CCc2ccc(O)cc2)N(C)C(=O)[C@@H](NC(=O)O)CNCNC=C1c1cccc(O)c1
CC1=CC(=NO1)NS(=O)(=O)C2=CC=C(C=C2)NCC3=CN=C4C(=N3)C(=O)NC(=N4)N,MassSpecGymID0078748,Nc1ccc(CNc2ccc(S(=O)(=O)Nc3cnc4nonc4c3NO)cc2)cn1,CN1C=CC(O)=NN1S(=O)(=O)c1ccc(NCc2nc3nccnc3nc2O)cc1,Nc1ccc(S(=O)(=O)n2cnc3nc(CNCc4cnc(O)cn4)[nH]c(=O)c32)cc1
CC1=CC(=NO1)NS(=O)(=O)C2=CC=C(C=C2)NCC3=CN=C4C(=N3)C(=O)NC(=N4)N,MassSpecGymID0078749,Nc1ccc(NS(=O)(=O)c2ccc(NCc3cnc4nc(O)[nH]c(=O)c4n3)cc2)[nH]1,Nc1ccc(NS(=O)(=O)c2ccc(NCc3cnc4[nH]c(=O)n(O)c4n3)cc2)cn1,Nc1cnc2nc(CNc3ccc(S(=O)(=O)Nn4c(O)ccc4O)cc3)cnc2n1
CC1=CC(=C(C=C1O)C)C2(C3=CC=CC=C3S(=O)(=O)O2)C4=C(C=C(C(=C4)C)O)C,MassSpecGymID0081356,Cc1cc(C2(c3cc(C)c(C)c(O)c3)OS(=O)(=O)c3ccccc32)cc(O)c1C,Cc1ccc(C2(c3cc(C)c(C)c(O)c3)OS(=O)(=O)c3c(C)cccc32)cc1O,Cc1ccc(C2(c3ccco3)C3C2(C)C(c2c(C)cccc2O)S3(=O)=O)cc1O
C[C@H](C(=O)O)OC1=CC(=C(C=C1)CNC(=O)C2=C(N=CC=C2)OC3=CC4=C(C=C3)OCO4)F,MassSpecGymID0089011,CC(O)=C(O)Oc1ccc(CNC(=O)c2cccnc2Oc2ccc3c(c2)OCO3)c(F)c1,CC(=O)c1ccc(CNC(=O)c2cccnc2Oc2ccc3c(c2)OCO3)c(F)c1,O=C1OC=C1c1ccc(CNC(=O)c2cccnc2Oc2ccc3c(c2)OCO3)c(F)c1
CCOC1=C(C=CC(=C1)C(C)(C)C)C2COC(=N2)C3=C(C=CC=C3F)F,MassSpecGymID0089970,CCc1cc([C@H]2COC(c3c(F)cccc3F)=N2)c(C(C)C)cc1OC,CCOc1cc(C(C)(C)C)ccc1C1=NC(c2c(F)cccc2F)CO1,CCc1cc(-c2c(F)cccc2F)c(O)cc1[C@H]1COC(C(C)(C)C)=N1
CC(=CCC[C@](C)([C@H]1CC[C@]2([C@@H]1[C@H](C[C@@H]3[C@@]2(C[C@H]([C@@H]4[C@]3(CC[C@H](C4(C)C)O)C)O)C)O)C)O[C@@H]5[C@H]([C@@H]([C@H]([C@@H](O5)CO[C@@H]6[C@@H]([C@H]([C@H](CO6)O)O)O)O)O)O)C,MassSpecGymID0110700,CC(C)=CCCC(C)(CC(C)C1C(=O)CC2C3(C)CCC(O)C(C)(C)C3C(OC3OCC(O)C(O)C3O)C2(C)C1(C)C)OC1OC(CO)C(O)C(O)C1O,CC(C)=CCC[C@](C)(O[C@@H]1O[C@H](CO)[C@@H](O)[C@H](O)[C@H]1O)O[C@H]1C[C@@]2(C)C3[C@H](C)C[C@@H](O[C@@H]4OC[C@H](O)[C@H](O)[C@H]4O)C4C(C)(C)CCC4(C)[C@]3(C)C[C@@H](O)[C@H]12,CC(C)=CCCC(CO)(OC1(CO)OCC(O)C(O)C1O)C1CCC2(C)C1C1(C)CC13CCCC(C)(C)C3C1CC2(C)C(OC(CO)C(O)C(O)CO)O1
CC(=CCC[C@](C)([C@H]1CC[C@]2([C@@H]1[C@H](C[C@@H]3[C@@]2(C[C@H]([C@@H]4[C@]3(CC[C@H](C4(C)C)O)C)O)C)O)C)O[C@@H]5[C@H]([C@@H]([C@H]([C@@H](O5)CO[C@@H]6[C@@H]([C@H]([C@H](CO6)O)O)O)O)O)O)C,MassSpecGymID0110709,CC(C)=CCC[C@](O)(O[C@H]1O[C@H](CO)[C@@H](O)[C@@H](O)[C@H]1O)[C@H]1CC[C@]2(C)[C@@H]1C[C@@H](O)C[C@@H]1[C@@]3(C)CC[C@H](O[C@@H]4OC[C@@H](O)[C@@H](O)[C@@H]4O)C(C)(C)[C@@H]3CC[C@]12C,CC(C)=CCC[C@](C)(O[C@H]1O[C@H](CO)[C@@H](O)[C@H](O)[C@@H]1O)[C@H]1CC[C@]2(C)[C@@H]1[C@H](O)C[C@H]1[C@@H](C)CC[C@@H]3C(C)(C)[C@@H](O[C@H]4O[C@@H](CO)[C@@H](O)[C@H](O)[C@H]4O)CC[C@]312,CC(C)=CCC[C@](C)(O[C@@H]1OC(CO)[C@@H](O)[C@H](O)[C@H]1O)C1CC[C@]2(C)C1[C@H](O)CC1[C@@H]3CCC3([C@H](O[C@@H]3OC(CO)[C@H](O)[C@@H](O)[C@@H]3O)C(C)(C)C)C[C@]12C
COC(=O)C1=CO[C@H]([C@@H]([C@@H]1C[C@H]2C3=C(C[C@H](N2)C(=O)O)C4=CC=CC=C4N3)C=C)O[C@H]5[C@@H]([C@H]([C@@H]([C@H](O5)CO)O)O)O,MassSpecGymID0114461,C=C[C@H]1[C@H](O[C@@H]2O[C@@H](CO)[C@@H](O)[C@@H](O)[C@H]2O)OC=C(C(=O)OC)[C@H]1C,C=C[C@@H]1[C@H](O[C@@H]2O[C@H](CO)[C@@H](O)[C@H](O)[C@H]2O)OC=C(C(=O)OC)[C@H]1N,C=C[C@H]1C(C(=O)OC)=CO[C@@H](O[C@@H]2O[C@H](CO)[C@@H](O)[C@H](O)[C@@H]2O)[C@H]1O
COC(=O)C1=CO[C@H]([C@@H]([C@@H]1C[C@H]2C3=C(C[C@H](N2)C(=O)O)C4=CC=CC=C4N3)C=C)O[C@H]5[C@@H]([C@H]([C@@H]([C@H](O5)CO)O)O)O,MassSpecGymID0114470,C=CC1[C@H](O[C@@H]2O[C@H](CO)[C@@H](O)[C@@H](O)[C@H]2O)OC=C(C(=O)OC)[C@@H]1CC1C(C(=O)OC)=CCc2c1[nH]c1ccccc21,C=C[C@H]1[C@H](O[C@@H]2O[C@H](CO)[C@@H](O)[C@H](O)[C@@H]2O)OC=C(C(=O)OC)[C@@H]1OC(=O)N=C(O)C([C@H](N)C(=O)O)N1CCc2c([nH]c3ccccc23)C1O,C=C[C@H]1[C@@H](OC2OC(CO)C(O)C(O)C2O)OC=C(C(=O)OC)[C@H]1C
C1=CC2=C(C(=C1)OC3C(C(C(C(O3)CO)O)O)O)C(=O)C4=C(C2C5C6=C(C(=CC=C6)OC7C(C(C(C(O7)CO)O)O)O)C(=O)C8=C5C=C(C=C8O)C(=O)O)C=C(C=C4O)C(=O)O,MassSpecGymID0147565,O=C1C2=C3C(=O)c4c(O)cc(O[C@@H]5O[C@H](CO)[C@@H](O)[C@H](O)[C@H]5O)cc4O[C@@H]2C([C@@H]2Oc4cc(O[C@@H]5O[C@@H](CO)[C@@H](O)[C@@H](O)[C@H]5O)cc(O)c42)=CC(O)=C1[C@@H]3c1ccc(O)cc1,O=C1c2cc(O[C@@H]3O[C@H](CO)[C@@H](O)[C@H](O)[C@@H]3O)cc(O)c2C(=O)C([C@H](O)c2ccc(O)cc2)[C@H](c2ccc(O)cc2)c2cc(O[C@H]3O[C@H](CO)[C@@H](O)[C@H](O)[C@H]3O)cc(O)c21,OC[C@H]1O[C@@H](Oc2ccc(O)cc2)[C@H](O)[C@@H](O)[C@@H]1O
CCC(C)C(=O)O[C@@H]1C[C@]2([C@@H](OC(=O)CC23[C@]45[C@]1([C@@]6([C@H](C7(CC6([C@@]([C@H]4OC(=O)C)(C7OC(=O)C8(C(O8)C)C)O)O)C)CC(=O)OC)C)OC(O5)(O3)C)C9=COC=C9)C,MassSpecGymID0148224,COC(=O)CC1OC23OC4(O)C(O)C5(OC6(C)CCC16)C1C(C)(CC(OC(=O)C(C)C)C16C(c1ccoc1)OC(=O)CC6C(C)C52O)C(OC(C)=O)C43C,COC(=O)CC1OC23OC(C)(O)C(c4ccoc4)C4(C)C(OC(=O)C(C)C)CC(O)(C5CC2(C)C(c2ccoc2)OC(=O)CC5O)C4C(OC(C)=O)C3(C)C1O,COC(=O)C[C@@H]1O[C@]2(C)CC[C@@]23[C@@]2(CC[C@@]4(O)[C@H](C)[C@@H](OC(C)=O)[C@@H](OC(=O)C(C)C)[C@@]5(O)C(=CC(=O)O[C@@H]2[C@]34C)O[C@@H]5c2ccoc2)[C@@H]1O
CC(=CCCC1(C=CC2=C(O1)C(=C3C(=C2OC(=O)C)C(=O)C4=C[C@@H]5CC6[C@@]4(O3)C(C5=O)(OC6(C)C)C/C=C(\C)/C(=O)O)CC=C(C)C)C)C,MassSpecGymID0154000,COC=C(CO)C1=CC2CC3C(=O)C4Cc5c(CO)c6c7c(O)c5OCC43C6CCCCC(OC(C)(CCC=C(C)C)C=C7)C2C1=O,COC1=C(O)C2C=CC3CC4C5O[CH]OCC56Oc5c(O)c(CC=C(C)C)c(c6c5O)C4C3(CCC=C(C)C)C=CC(C)(C)C2C1=O,COC1=CC(CO)Oc2c(O)c3c(c(O)c21)C(=O)OC1CC2C=CCC4(C=CC(C)(CCCC(C)=O)C=C4)C2(CCC=C(C)C)C1C3=O
CN1C2=NSC(=C2C(=O)N(C1=O)C)S(=O)(=O)C,MassSpecGymID0179793,Cn1c(=O)c2c(S(C)(=O)=O)snc2n(C)c1=O,Cn1c(=O)c2c(CS(=O)O)snc2n(C)c1=O,Cn1c(=O)c2c(n(C)c1=O)=CSSC=2NOO
CC1=CC[C@H]2[C@]([C@]13[C@H](C4=C(O3)C=C(OC4=O)C5=CN=CC=C5)O)(CC[C@]([C@]26CCC(=O)OC6)(C(=C)C)O)C,MassSpecGymID0186407,CC1(C)c2c3oc(=O)c4c2C25CCC(C2O)C5(O)CCCC1(C)C31CC(c2cccnc2)(O4)C(C=O)CO1,C[C@H]1C2=CCC([C@@]3([C@@]4(C)CO4)Cc4c(cc(-c5cccnc5)oc4=O)O3)[C@H]2CC[C@]2(C)[C@](C)(O)[C@]2(O)[C@@H]1O,CC1=CCC2OC(=O)C(C)(C)C3C(C1CCC3(O)C1(O)Cc3c(cc(-c4cccnc4)oc3=O)O1)C2(C)C
CN1CCC2=C([C@H]1C[C@H]3[C@H]([C@@H](OC=C3C(=O)OC)O[C@H]4[C@@H]([C@H]([C@@H]([C@H](O4)CO)O)O)O)C=C)NC5=CC=CC=C25,MassSpecGymID0189671,C=C[C@@H]1[C@H](O[C@@H]2O[C@@H](CO)[C@@H](O)[C@H](O)[C@H]2O)OC=C(C(=O)OC)[C@@H]1C[C@@H]1c2[nH]c3ccccc3c2C[C@]1(C)O,C=CC1C(C(=O)OC)=COC1OC1OC(CO)C(O)C1O,C=C[C@H]1OC=C(C(=O)C[C@@H]2O[C@H](CO)[C@@H](O)[C@H](O)[C@@H]2O)CCN2Cc3c([nH]c4ccccc34)C2(O)C1C
COC(=O)C1=COC(C2C1CC=C2CO)O[C@H]3[C@@H]([C@H]([C@@H]([C@H](O3)CO[C@H]4[C@@H]([C@H]([C@@H]([C@H](O4)COC(=O)/C=C\C5=CC=C(C=C5)O)O)O)O)O)O)O,MassSpecGymID0190452,CC1=C(C(=O)O[C@@H]2O[C@H](CO)[C@H](O)[C@@H](O)[C@H]2O)[C@H](O[C@@H]2O[C@H](CO)[C@@H](O)[C@@H](O)[C@H]2O)[C@H]2C=C[C@H](COC(=O)C=Cc3ccc(O)cc3)O[C@H]12,CC1=CO[C@H](O[C@H]2O[C@H](CO)[C@@H](O)[C@H](O)[C@H]2O)[C@H]2C(C(=O)O[C@@H]3O[C@H](COC(=O)C=Cc4ccc(O)cc4)[C@@H](O)[C@H](O)[C@H]3O)=CC[C@H]12,CC(=O)C1=COC(O[C@@H]2O[C@H](CO)[C@@H](O)[C@H](O)[C@H]2O)[C@H]2[C@H](COC(=O)C=Cc3ccc(O)cc3)[C@@H](O[C@@H]3O[C@H](CO)[C@@H](O)[C@H](O)[C@H]3O)[C@@H]12
C=CC1C2CC3C4=C(CC(N3C(=O)C2=COC1OC5C(C(C(C(O5)CO)O)O)O)C(=O)O)C6=CC=CC=C6N4,MassSpecGymID0190470,C=C[C@H]1[C@H](O[C@@H]2O[C@@H](CO)[C@H](O)[C@H](O)[C@H]2O)OC=C(C(=O)OC)[C@@H]1N1Cc2c([nH]c3ccccc23)C(=O)C1=C,C=C[C@@H]1[C@H](O[C@@H]2O[C@H](CO)[C@@H](O)[C@H](O)[C@H]2O)OC=C2C(=O)N3CCc4c([nH]c5ccccc45)[C@H]3O[C@H]21,C=C[C@@H]1C[C@@H]2c3[nH]c4ccccc4c3CCN2C2=C(C(=O)OC)C(O[C@@H]3O[C@H](CO)[C@@H](O)[C@H](O)[C@H]3O)O[C@@H]21
C=C[C@@H]1[C@@H]2C[C@H]3C4=C(CN3C(=O)C2=CO[C@H]1O[C@H]5[C@@H]([C@H]([C@@H]([C@H](O5)CO)O)O)O)C(=O)C6=CC=CC=C6N4,MassSpecGymID0194051,C=CC1C(OC2OC(CO)C(O)C(O)C2O)OC=C2C(=O)N3CCc4c([nH]c5ccccc45)C(=O)C3C21,C=C[C@H]1[C@H](O[C@@H]2O[C@H](CO)[C@@H](O)[C@H](O)[C@H]2O)OC=C2C(=O)N3CCc4c([nH]c5ccccc45)[C@H]3C(=O)[C@@H]21,C=C[C@H]1[C@H](O[C@@H]2O[C@H](CO)[C@@H](O)[C@H](O)[C@H]2O)OC=C2C(O)=C(N3CCc4c([nH]c5ccccc45)C3=O)[C@H]21
CC(C(CCCCCCCCCCCCCCCCC(C(C)OC1C(C(C(C(O1)CO)O)O)O)O)OC2C(C(C(C(O2)CO)O)O)O)O,MassSpecGymID0197193,CCCCCC[C@H](O[C@@H]1O[C@H](CO)[C@@H](O)[C@H](O)[C@H]1O)[C@@H](O)CCCCCCCCCCCC(=O)O,CC(C)C(CCCCCCCCCCCCCCCC(=O)O)OC1O[C@H](CO)[C@@H](O)[C@H](O)[C@H]1O,CC(C(O)CCCCCCCCCCCC(=O)O)C(C)C(CCCCCCCCCC(=O)O)OC1OC(CO)C(O)C(O)C1O
CSC1=NC2=C(CCC2)C(=N1)N3CCN(CC3)C4=NC5=CC=NN5C=C4,MassSpecGymID0204274,CSc1ncc2ccn(N3CCN(c4ncnc5c4CCC5)CC3)c2n1,CSc1nc(N2CCN(c3ncnc4c3CCC4)CC2)c2cccn2n1,CSc1ncc2cnn(C3CCN(c4ncnc5c4CCC5)CC3)c2n1
CCC(C(F)(F)F)(C(F)(F)F)NC(=O)NC1=C(C2=C(S1)CCC2)C(=O)N,MassSpecGymID0204467,NC(=O)c1c(NC(=O)C(N)(C(F)(F)F)C(F)(F)F)sc2c1CCCCC2,NC(=O)c1c(NC(=O)CC(N)(C(F)(F)F)C(F)(F)F)sc2c1CCCC2,NC(=O)c1c(NC(=O)C(N)C(C(F)(F)F)C(F)(F)F)sc2c1CCCC2
C1C(CC(=O)C2=C1NC3=NC=NN3C2C4=CC(=CC(=C4)F)F)C5=CC=CC=C5,MassSpecGymID0207523,CC1=C2c3ncnn3[C@@H](c3cccc(-c4ccc(F)cc4F)c3)C(=O)C[C@H]2N1,CC1=CC(c2ccc(F)cc2F)=C=C2C3=C(CCCC3=O)Nc3ncnn3C21,Cc1[nH]c2ncnn2c1-c1ccc2c(c1)C(c1ccc(F)cc1F)CC(=O)C2
C1=CC=C(C(=C1)CSC2=NN=C(S2)N)CSC3=NN=C(S3)N,MassSpecGymID0208031,Nc1nc(SCc2nnc(SCc3ccncc3)s2)sc1N,Nc1ccc(SSc2nnc(NSc3ccc(N)[nH]3)s2)cc1,Nc1nnc(SCc2nc[n+](S)s2)s1
CCC1=CC=C(C=C1)OC(C)C(=O)NC2=CC(=CC=C2)OCC3CCCO3,MassSpecGymID0209122,Cc1ccccc1OC[C@@H](C)C(=O)Nc1ccc(OC[C@H]2CCCO2)cc1,COc1cccc2c1CCN2C(C)Oc1ccc(OCC2CCCO2)cc1,COc1cccc2c1CCCCN2Oc1ccc(OCC2CCCO2)cc1
CCOC(=O)C1=C(SC2=C1C(CCC2)C)NC(=S)N3CCOCC3,MassSpecGymID0211629,CCOC(=O)c1c(NC(=S)CCN2CCOCC2)sc2c1CCC2,CCOC(=O)c1c(NC(=S)N2CCOCC2)sc2c1C(C)C(C)C2,CCOC(=O)c1c(N(CC)C(=S)N2CCOCC2)sc2c1CCC2
CCC(=O)N1CCN(CC1)C2=NC3=C(S2)CC(CC3)C(=O)N4CCC(CC4)C,MassSpecGymID0212150,CCCN1CCc2nc(N3CCN(C4CC(=O)CC(C)C(=O)C4)CC3)sc2C1,CCCN1CCN(c2nc3c(s2)CN(C2CCC(C)C(=O)C2)CC(=O)C3)CC1,CC1CCN2CCN(c3nc4c(s3)CCC(=O)N(C)CC4)CCC2CCC1=O
CC1=C(C(=O)N2C(=C(SC2=N1)C)C)NC(=O)C3CCCO3,MassSpecGymID0214730,Cc1nc2sc(NC(=O)C3CCCO3)c(C)n2c(=O)c1C,CC1=CC=C(C(=O)N2CC2)SC(NC(=O)C2CCCO2)=N1,Cc1nsc(NC(=O)C2CC2)c1NC(=O)[C@@H]1C=CCCO1
CC(C)C1=CC(=CS1)C(=O)NNC(=S)NCC2CCCO2,MassSpecGymID0215032,CC(C)NNC(=S)c1cc(C(=O)NCC2CCCO2)cs1,CC1=C(C(=O)NC[C@H]2CCCO2)C2(C)CCN(S2)C(=S)N1,S=C(NCC1CCCO1)c1[nH]c(=S)[nH]c1CC1CCCO1
CNS(=O)(=O)CC1CCC(CC1)N(C)C2=NC=NC3=C2C=CN3,MassSpecGymID0215416,CN(c1ncnc2[nH]ccc12)N1CCC1,CN(C)c1ncnc2[nH]ccc12,CN(c1ncnc2[nH]ccc12)N1[CH]CC1
CCN1CCN(CC1)CC2=C(C=C(C=C2)NC(=O)C3=CC(=C(C=C3)C)OC4=C5C=CNC5=NC=C4)C(F)(F)F,MassSpecGymID0219479,CCn1ccc(Oc2cc(NCc3ccc(NC(=O)c4nncc(C)c4C)cc3C(F)(F)F)ccc2C)c1C,Cc1ccc(NC(=O)Nc2ccc(CN3CCN(C)CC3)c(C(F)(F)F)c2)cc1C,Cc1ccc(NC(=O)Nc2ccc(CN3CCN(C)CC3)c(C(F)(F)F)c2)cc1[O]
CCN1CCN(CC1)CC2=C(C=C(C=C2)NC(=O)C3=CC(=C(C=C3)C)OC4=C5C=CNC5=NC=C4)C(F)(F)F,MassSpecGymID0219485,CCNc1ccc(CN2CCN(Cc3cc(NC(=O)c4cnc5c(c4F)C=C5F)ccc3C)CC2)c(OF)c1,Cc1ccc(NC(=O)Nc2ccc(CN3CCN(O)CC3)c(C(F)(F)F)c2)cc1C,Cc1cc(C(=O)Nc2ccc(CN3CCN(O)CC3)c(C(F)(F)F)c2)c(C)cn1
C1=CC=C(C(=C1)C2=CC(=CC(=C2)CP(=O)(O)O)C[C@@H](C(=O)O)N)Cl,MassSpecGymID0220707,N[C@@H](Cc1cc(CP(=O)(O)O)cc(-c2ccc(Cl)cc2)c1)C(=O)O,C[PH](=O)c1c(O)c(CC(N)C(=O)O)cc(O)c1-c1ccc(Cl)cc1,CC(CP(=O)(O)O)(c1ccc(Cl)cc1)c1cc(N)cc(C(=O)O)c1
C1CNCCC1NC2=CC=CC(=N2)C3=CN=C4N3C=CC=C4,MassSpecGymID0224158,c1cc(NC2CCNCC2)nc(-c2cnc3ccccn23)c1,[3H]c1cnc2cc(-c3cccc(NC4CCNCC4)n3)ccn12,Cc1cnc2cc3ccc(NC4CCNCC4)nc3cc2n1
C1CN2C(CN1C(=O)NCC3=CC=C(C=C3)F)C(OC2=O)(C4=CC=CC=C4)C5=CC=CC=C5,MassSpecGymID0225652,O=C(NC1C2(O)OC12c1ccccc1)N1CCN(C(c2ccccc2)c2ccc(F)cc2)C1,O=C1Cc2ccc(NC(=O)N3CCN(C(c4ccccc4)c4ccc(F)cc4)CC3)cc2O1,[O][N-]CN1CCN2C(=O)OC(c3ccccc3)(C1)C2C(c1ccccc1)c1ccc(F)cc1
CCOC(=O)COC1=CC2=C(CC[C@@H](C2)NC[C@@H](C3=CC(=CC=C3)Cl)O)C=C1,MassSpecGymID0225795,COC1COC(NCC(O)c2cccc(Cl)c2)C1Oc1ccc2c(c1)CCC2,COC(=O)C[C@@](O)(CNC[C@H](O)c1ccc(Cl)cc1)c1ccc2c(c1)CCC2,COC(=O)[C@H]1CCN2C(C(C)c3ccc4c(c3)CCC4)=C[C@H](Cl)[C@]12C(=O)OC
CC(C)[C@@H]1C(=O)N([C@H](C(=O)O[C@@H](C(=O)N([C@H](C(=O)O[C@@H](C(=O)N([C@H](C(=O)O1)CC2=CC=CC=C2)C)C(C)C)CC3=CC=CC=C3)C)C(C)C)CC4=CC=CC=C4)C,MassSpecGymID0000204,CCC(C)C1OC(=O)C(c2ccccc2)N(C)C(=O)C(Cc2ccccc2)C(Cc2ccccc2)OC(=O)C(C(C)C)N(C)C(=O)N(C)C(=O)C(C(C)C)OC1=O,CC[C@H](C)[C@H]1OC(=O)[C@H](Cc2ccccc2)N(C)C(=O)O[C@@H](C(C)C)C(=O)N(C)[C@H](Cc2ccccc2)C(=O)O[C@@H](Cc2ccccc2)C(=O)CN(C)C1=O,CCC(C)C1OC(=O)C(Cc2ccccc2)N(C)C(=O)C2OC(C(=O)C(C(C)C)OC(=O)C(Cc3ccccc3)N(C)C(=O)CN(C)C1=O)N2C
CC(C)[C@@H]1C(=O)N([C@H](C(=O)O[C@@H](C(=O)N([C@H](C(=O)O[C@@H](C(=O)N([C@H](C(=O)O1)CC2=CC=CC=C2)C)C(C)C)CC3=CC=CC=C3)C)C(C)C)CC4=CC=CC=C4)C,MassSpecGymID0000215,CCC(C)[C@@H]1C(=O)O[C@@H](CC)C(=O)N(C)[C@@H](Cc2ccccc2)C(=O)O[C@@H](C(C)C)C(=O)N(C)[C@H](Cc2ccccc2)C(=O)N(C)C(=O)O[C@H]1Cc1ccccc1,CCC(C)C1OC(=O)C(Cc2ccccc2)N(C)C(=O)C(Cc2ccccc2)N(C)C(=O)OC(Cc2ccccc2)C(=O)OC(C(C)C)C(=O)OC(C(C)C)C(=O)N1C,CC[C@H](C)[C@H]1OC(=O)[C@@H](C(C)C)C(=O)[C@H](Cc2ccccc2)N(C)C(=O)[C@@H](Cc2ccccc2)N(C)C(=O)COC(=O)[C@H](Cc2ccccc2)N(C)C1=O
CC(=C)[C@@H]1[C@@H]([C@@H]2[C@@]3(O2)[C@@H](O1)CC[C@]4([C@]3(CC[C@@H]5[C@@]4(C6=C7[C@H]5OC([C@H]8C[C@H]9[C@@]8(C1=C7C(=CC(=C1CC9=C)Cl)N6)O)(C)C)C)O)C)O,MassSpecGymID0001462,C=C(C)[C@H]1O[C@H]2O[C@H]1C(C)(C)[C@H]1CC[C@]2(C)O[C@H]2[C@H]1[C@]1(O)C3=C4c5c6c([nH]c5=C3)=CC(Cl)=C6[C@@](C)(CC[C@H]1C[C@H]1O[C@H]41)[C@]2(C)O,C=C(C)C1OC2OC3CC4C(CCc5cc(C)c6[nH]c-6cc2c51)OC1C2C(O)C35COCC5C(C)(Cl)C13CCC(=C)C(O3)C42C,C=C1CC[C@@]23CCC4[C@]5(C)CCc6c7[nH]c8cc(Cl)c9c(c68)[C@@H]6O[C@@H]6OCC9(O)C5(C)CC(=C(C)C)O[C@H]([C@H]7O[C@@]42C)[C@H]13
CC1=C(C(=O)C(=C(C1=O)OC)OC)C/C=C(\C)/CC/C=C(\C)/CC/C=C(\C)/CC/C=C(\C)/CC/C=C(\C)/CC/C=C(\C)/CC/C=C(\C)/CC/C=C(\C)/CC/C=C(\C)/CCC=C(C)C,MassSpecGymID0005667,COC1=C(C)C(=O)C(OC)=C(CC(C)=CCCC(C)=CCCCCCCCC(=[Te])CCC=C(C)CCC=C(C)CCC=C(C)CCC=C(C)CCC=C(C)CCC=C(C)C)C1=O,COC1=C(C)C(=O)C(C)=C(OC)C(=CC(C)=CCCC(C)=CCCC(C)=CCCC(C)=CCCC(C)=CCCC(C)=CCCCCC=C(C)CCC=C(C)C)C1=O,COC1=C(C)C(=O)C(CCC(C)=CCCCCCCCCCC(C)=CCCC(C)=CCCC(C)=CCCC(C)=CCCC(C)=CCC=C(C)CCC=C(C)C)=C(OC)C1=O
CC[C@@H]1[C@@]([C@@H]([C@H](C(=O)[C@@H](C[C@@]([C@@H]([C@H]([C@@H]([C@H](C(=O)O1)C)O[C@H]2C[C@@]([C@H]([C@@H](O2)C)O)(C)OC)C)O[C@H]3[C@@H]([C@H](C[C@H](O3)C)N(C)C)O)(C)O)C)C)O)(C)O,MassSpecGymID0012743,CC[C@H]1OC(=O)[C@H](C)[C@@H](O[C@H]2C[C@@](C)(OC)[C@@H](O)[C@H](C)O2)[C@@H](C)[C@@H](O[C@@H]2O[C@@H](C)C[C@H](NC)[C@H]2O)[C@@](C)(O)C[C@@H](C)C(=O)[C@@H](C)[C@@H](O)[C@@]1(C)OC,CCC1OC(=O)C(C)C(OC2CC(C)(OC)C(O)C(C)O2)C(C)C(OC2OC(C)CC(NC)C2O)C(C)(O)CC(C)C(=O)CC(C)C(O)C1(C)O,CC[C@H]1OC(=O)[C@H](C)[C@@H](O[C@@H]2C[C@@](C)(OC)[C@@H](O)[C@H](C)O2)[C@H](C)CC[C@](C)(O)C[C@H](C)C(=O)C(OO[C@@H]2O[C@H](C)C[C@H](NC)[C@H]2O)[C@@H](C)[C@]1(C)O
CC[C@@H]1[C@@]([C@@H]([C@H](C(=O)[C@@H](C[C@@]([C@@H]([C@H]([C@@H]([C@H](C(=O)O1)C)O[C@H]2C[C@@]([C@H]([C@@H](O2)C)O)(C)OC)C)O[C@H]3[C@@H]([C@H](C[C@H](O3)C)N(C)C)O)(C)OC)C)C)O)(C)O,MassSpecGymID0012984,CC[C@H]1OC(=O)[C@H](C)[C@H](O[C@H]2C[C@@](C)(OC)[C@@H](O)[C@H](C)O2)[C@H](C)[C@@H](O[C@@H]2O[C@H](C)C[C@H](N(C)C)[C@H]2O)[C@](C)(O)C[C@@H](C)C(=O)C[C@H](C)[C@@H](O)[C@]1(C)O,CC[C@H]1OC(=O)[C@H](C)[C@@H](O[C@H]2C[C@@](C)(OC)[C@@H](O)[C@H](C)O2)[C@H](C)[C@@H](O[C@@H]2O[C@H](C)C[C@H](N(C)C)[C@H]2O)[C@](C)(O)C[C@@H](C)C(=O)[C@H](C)[C@H](O)[C@]1(C)O,CC[C@H]1OC(=O)[C@H](C)[C@@H](O[C@@H]2C[C@@](C)(OC)[C@@H](O)[C@H](C)O2)[C@H](C)[C@@H](O[C@H]2O[C@H](C)C[C@H](N(C)C)[C@H]2O)[C@](C)(O)C[C@@H](C)C(=O)[C@H](C)[C@]1(C)O
CC(C)C(CCCN(C)CCC1=CC(=C(C=C1)OC)OC)(C#N)C2=CC(=C(C=C2)OC)OC,MassSpecGymID0014705,COc1ccc(CCCNCCCC(C#N)(c2ccc(OC)c(OC)c2)C(C)C)cc1OC,COc1ccc(CCCC(C#N)CCC(N)(c2ccc(OC)c(OC)c2)C(C)C)cc1OC,COc1ccc(C(C)(c2ccc(OC)c(OC)c2)C(C)CNCC(C#N)C(C)C)cc1OC
CC(C)C(CCCN(C)CCC1=CC(=C(C=C1)OC)OC)(C#N)C2=CC(=C(C=C2)OC)OC,MassSpecGymID0014786,COc1ccc(CCN(CCCC(C)(C)c2ccc(OC)c(OC#N)c2)C(C)C)cc1OC,COc1ccc(CN(CC#N)CCCC(C)(c2ccc(OC)c(OC)c2)C(C)C)cc1OC,COc1ccc(CCNCCCC(c2ccc(OC)c(OC)c2)C(C#N)C(C)C)cc1OC
CS(=O)(=O)C1=CC(=C(C=C1)C(=O)C2C(=O)CCCC2=O)[N+](=O)[O-],MassSpecGymID0018540,CS(=O)(=O)c1ccc(C(=O)C2C(=O)CCCC2=O)c([N+](=O)[O-])c1,CS(=O)(=O)c1ccc(C(=O)C2C(=O)CCCC2=O)cc1[N+](=O)[O-],CS(=O)(=O)c1ccc(C(=O)C2C(=O)CCC2=O)c([N+](=O)[O-])c1
CCOC(=O)C1=CN2C(=CC(=N2)OP(=S)(OCC)OCC)N=C1C,MassSpecGymID0030219,CCOC(=O)c1cc2nc(OP(=S)(OC)OCC)cn2nc1CC,CCOC(=O)c1cn2nc(OP(C)(=S)OCC)cc2nc1OCC,CCOC[PH](=S)Oc1cc2nc(OCC)c(C(=O)OCC)cn2n1
C1CN2C(=NN=C2C(F)(F)F)CN1C(=O)C[C@@H](CC3=CC(=C(C=C3F)F)F)N,MassSpecGymID0034827,O=C(CNC1=C(F)C(F)=CC(CF)=CC1)N1CCn2c(nnc2C(F)(F)F)C1,O=C(CC([AsH2])Cc1cc(F)c(F)cc1F)N1CCn2c(nnc2C(F)(F)F)C1,O=C(Cc1cc(F)c(F)cc1F)N1CCn2c(nnc2C(F)(F)F)C1
C1CN2C(=NN=C2C(F)(F)F)CN1C(=O)C[C@@H](CC3=CC(=C(C=C3F)F)F)N,MassSpecGymID0034829,NC(CC(=O)N1CCn2c(nnc2C(F)(F)F)C1)Cc1cc(F)c(F)cc1F,C=C(Cc1cc(F)c(F)cc1F)[C@@H](N)CC(=O)n1c(CN)nnc1C(F)(F)F,NCC1=NC(C(N)N)(C(F)(F)F)C2=C1N(C(=O)Cc1cc(F)c(F)cc1F)C2
C1CN2C(=NN=C2C(F)(F)F)CN1C(=O)C[C@@H](CC3=CC(=C(C=C3F)F)F)N,MassSpecGymID0034856,N[C@@H](CC(=O)N1CCn2c(nnc2C(F)(F)F)C1)Cc1cc(F)c(F)cc1F,N[C@@H](CC(=O)N1CCn2c(nnc2C(F)(F)F)C1)Cc1c(F)cc(F)cc1F,N[C@@H](Cc1cc(F)c(F)c(F)c1)C(=O)N1CCc2nnc(C(F)(F)F)n2CC1
CC[C@@H]1[C@@]([C@@H]([C@H](/C(=N\OCOCCOC)/[C@@H](C[C@@]([C@@H]([C@H]([C@@H]([C@H](C(=O)O1)C)O[C@H]2C[C@@]([C@H]([C@@H](O2)C)O)(C)OC)C)O[C@H]3[C@@H]([C@H](C[C@H](O3)C)N(C)C)O)(C)O)C)C)O)(C)O,MassSpecGymID0039319,CCC1OC(=O)C(C)C(OC2CC(C)(CCOOC)C(O)C(C)O2)C(C)C(OC2OC(C)CC(N(C)C)C2O)C(C)(O)CC(C)C(=NCOC)C(O)C1(C)O,CCC1OC(=O)C(C)C(OC2CC(C)(OC)C(O)C(C)O2)C(C)C(OC2OC(C)CC(OCN(C)CCCOC)C2O)C(C)(O)CC(C)C(=NOCOC)C1(C)O,CC[C@H]1OC(=O)[C@H](C)[C@@H](O[C@H]2C[C@](C)(O)C[C@H](O)O2)[C@H](C)[C@@H](OCO[C@@H]2O[C@H](C)C[C@H](N(C)C)[C@H]2O)[C@](C)(O)C[C@@H](C)C(=NOCCOC)[C@H](C(C)C)[C@]1(C)O
CC[C@@H]1[C@@]([C@@H]([C@H](N(C[C@@H](C[C@@]([C@@H](C([C@@H]([C@H](C(=O)O1)C)O[C@H]2C[C@@]([C@H]([C@@H](O2)C)O)(C)OC)C)O[C@H]3[C@@H]([C@H](C[C@H](O3)C)N(C)C)O)(C)O)C)C)C)O)(C)O,MassSpecGymID0039780,CCC1OC(=O)C(C)C(OC2CC(C)(OC)C(O)C(C)O2)C(C)C(OC2OC(C)CCC2N(C)C)C(C)(O)CC(C)CN(C)C(C)C(O)C1(C)O,CCC1OC(=O)C(C)C(OC)C(C)C(OC2OC(C)CC(N(C)C)C2O)C(C)(O)CC(C)CN(C)C(C)C(C)C2OOCOCC(C2O)C1(C)O,CC[C@H]1OC(=O)[C@H](C)C(OC)[C@H](C)[C@@H](O[C@@H]2O[C@H](C)C[C@H](N(C)C)[C@H]2O)[C@](C)(O)C[C@@H](C)CN(C)COC(C)[C@H](O)O[C@H](C)CC[C@@]1(C)O
C1=CC(=CC=C1/C=N\NC(=N/N=C\C2=CC=C(C=C2)Cl)N)Cl,MassSpecGymID0040626,NC(=NN=Cc1ccc(Cl)cc1)NN=Cc1ccc(Cl)cc1,N=C(N=C(N)c1ccc(Cl)cc1)NN=Cc1ccc(Cl)cc1,NNC=NC(=NN=Cc1ccc(Cl)cc1)c1ccc(Cl)cc1
CCC1C(C(C(C(=O)C(CC(C(C(C(C(C(=O)O1)C)OC2CC(C(C(O2)C)O)(C)OC)C)OC3C(C(CC(O3)C)NC)O)(C)OC)C)C)O)(C)O,MassSpecGymID0041215,CC[C@H]1OC(=O)[C@H](C)[C@@H](O[C@@H]2CC[C@@](C)(OC)[C@@H](O)[C@H](C)O2)[C@H](C)[C@@H](O[C@@H]2O[C@@H](C)C[C@H](NC)[C@H]2O)[C@](C)(O)C[C@H](C)C(=O)[C@H](C)[C@@H](O)[C@]1(C)O,CC[C@@H]1OC(=O)[C@H](C)[C@@H](O[C@H]2C[C@@](C)(OC)C(=O)[C@H](C)O2)[C@H](C)[C@@H](O[C@@H]2O[C@H](C)C[C@H](NC)[C@H]2O)[C@](C)(O)C[C@@H](C)COC[C@H](C)[C@@H](O)[C@]1(C)O,CC[C@H]1OC(=O)[C@H](C)[C@@H](O[C@H]2CC[C@@H](C)[C@@H](O)[C@@H](C)O2)[C@H](C)[C@@H](O[C@H]2O[C@H](C)C[C@H](NC)C2OC)[C@](C)(O)C[C@@H](C)C(=O)OCC[C@@H](O)[C@]1(C)O
C(COP(=O)(O)O)C(C(C(C(C(C(C(C(F)(F)F)(F)F)(F)F)(F)F)(F)F)(F)F)(F)F)(F)F,MassSpecGymID0050419,O=P(O)(O)OCCC(F)(F)C(F)(F)C(F)(F)F,O=P(O)(O)OCCCC(F)(F)C(F)(F)C(F)(F)C(F)(F)C(F)(F)C(F)(F)C(F)(F)F,O=P(O)(F)OCCC(F)(F)C(F)(F)C(F)(F)C(F)(F)C(F)(F)C(F)(F)C(F)(F)F
CCCC1=NN(C2=C1N=C(NC2=O)C3=C(C=CC(=C3)S(=O)(=O)N4CCN(CC4)C)OCC)C,MassSpecGymID0057096,CCCc1nn(C)c2c(=O)[nH]c(-c3cc(S(=O)(=O)N4CCN(C)CC4)ccc3OCC)nc12,CCOc1ccc(S(=O)(=O)N2CCN(C)CC2)cc1-c1nc2c(C)[nH]nc2c(=O)[nH]1,CCOc1ccc(S(=O)(=O)N2CCNCC2)cc1-c1nc2c(=O)[nH]c(CC)c(CC)c2[nH]1
CCCCC1=C(C2=C(C=C(C=C2)OCC3=CC=CC=C3C(=COC)C(=O)OC)OC1=O)C,MassSpecGymID0071923,C=C(C(=O)OC)c1ccccc1COc1ccc2c(C)c(C)c(=[O+]C)c(=O)oc2c1,CO/C=C(\C(=O)OC)c1cc2ccc(OCc3ccc(C)c(C)c3C)cc2oc1=O,CO/C=C(/C(=O)OC)c1ccccc1COC1=CC=C2C(C)=CC=CC=C2OC1=O
CS(=O)(=O)C1=C(C(=C(C=C1)C(=O)C2C(=O)CCCC2=O)Cl)COCC(F)(F)F,MassSpecGymID0071936,CS(=O)(=O)c1ccc(C(=O)C2C(=O)CCCC2=O)c(Cl)c1COCC(F)(F)F,CS(=O)(=O)c1ccc(C(=O)C2C(=O)CCCC2=O)c(COCC(F)(F)F)c1Cl,CS(=O)(=O)c1ccc(C(=O)C2CC(=O)CCC2=O)c(Cl)c1COCC(F)(F)F
CCOP(=S)(C1=CC=CC=C1)OC2=CC=C(C=C2)C#N,MassSpecGymID0073160,CCOP(=S)(Oc1ccc(C#N)cc1)c1ccccc1,CC[P@](=S)(OOc1ccc(C#N)cc1)c1ccccc1,C=PCO[SH](Oc1ccc(C#N)cc1)c1ccccc1
CC(=O)N1C2=C(CN(C1=O)NCC3=CN=CC=C3)C=C(C=C2)C(C(F)(F)F)(C(F)(F)F)F,MassSpecGymID0076442,CC(=O)N1Cc2cc(C(F)(C(F)(F)F)C(F)(F)F)ccc2N(NCc2cccnc2)C1=O,CC(=O)N1Cc2cc(C(F)(C(F)(F)F)C(F)(F)F)ccc2N1C(=O)NCc1cccnc1,CC(=O)N1c2ccc(C(F)(C(F)(F)F)C(F)(F)F)cc2CN1C(=O)NCc1cccnc1
CC(CC1=CC=C(C=C1)OCC(=O)O)NCC(C2=CSC(=N2)C(F)(F)F)O,MassSpecGymID0079206,CC(Cc1ccc(OCOC=O)cc1)NCC(O)c1csc(C(F)(F)F)n1,C[C@@H](Cc1ccc(OCC(=O)O)cc1)NC(C)(O)c1csc(C(F)(F)F)n1,C=C(NO)OCOc1ccc(CC(C)[C@@H](O)c2csc(C(F)(F)F)n2)cc1
C1CN(CCC1CC2=CC=C(C=C2)F)CCS(=O)C3=CC4=C(C=C3)NC(=O)O4,MassSpecGymID0082615,O=c1[nH]c2ccc(CC[S+]([O-])N3CCC(Cc4ccc(F)cc4)CC3)cc2o1,O=C1Nc2cc(CCN3CCC(Cc4ccc(F)cc4)CC3)ccc2OS1=O,O=CN(CCN1CCC(Cc2ccc(F)cc2)CC1)c1ccc2[nH]c(=O)oc2c1
CC(C)OP(=O)(CP(=O)(OC(C)C)OC(C)C)OC(C)C,MassSpecGymID0083096,CCCC(C)OCOP(=O)(OCOCP)OC(C)CCC,CC(CCCCC(C)P(C)COO)OCOOOP(C)C,COCOCOC(C)PCCC(C)OOOC(C)CPC
C[C@H](C(=O)O)OC1=CC(=C(C=C1)CNC(=O)C2=C(N=CC=C2)OC3=CC4=C(C=C3)OCO4)F,MassSpecGymID0089007,CC(Oc1ccc(CNC(=O)c2cccnc2Oc2ccc3c(c2)OCO3)c(F)c1)C(=O)O,O=C(NCc1ccc(OC2COCO2)cc1F)c1cccnc1Oc1ccc2c(c1)OCO2,O=C(NCc1ccc(Oc2nccc3c2OCO3)cc1F)c1ccccc1CC(O)C(=O)O
C(CC(=O)N[C@@H](CSSC[C@@H](C(=O)NCC(=O)O)NC(=O)CC[C@@H](C(=O)O)N)C(=O)NCC(=O)O)[C@@H](C(=O)O)N,MassSpecGymID0096922,N[C@H](CCC(=O)C(=O)O)NC(=O)OSCSC[C@@H](N)C(=O)C[C@H](NC(=O)CC[C@H](N)C(=O)NCC(=O)O)C(=O)O,N[C@H](CNC(=O)O)C(=O)N[C@@H](CCCC(=O)[C@@H](CSSC(=O)[C@@H](N)CCC(=O)O)NC(=O)CNC(=O)O)C(=O)O,N[C@@H](CCC(=O)NC(=O)[C@@H](CSSCC(=O)O)NC(=O)O)C(=O)O
CCN1CC2(C(CC(C34C2C(C(C31)C5(C6C4CC(C6OC(=O)C7=CC=CC=C7)(C(C5O)OC)O)OC(=O)C)OC)OC)O)COC,MassSpecGymID0105076,CCN1CC2(COC(C)=O)C(O)CC(OC)C34C5C6C(O)C5C(OC(=O)c5ccccc5)C(O)CC6C(C(OC)C23)C14,CCN1CC2(COC)C(O)CC(OC(C)=O)C34C5C(OC)C(C)(O)C5C3(OC(=O)c3ccccc3)C3C(O)C3C(OC)C2C14,CCN1C[C@]2(COC(C)=O)[C@H](O)C[C@H](OC)[C@]34C[C@H](OC)[C@H](O)[C@@]5([C@H](C13)[C@H]2O)[C@@H]4[C@H](OC(=O)c1ccccc1)[C@H](O)C[C@H]5OC
CCN1CC2(CCC(C34C2C(C(C31)(C5(CC(C6CC4C5C6OC)OC)O)O)OC)OC)COC(=O)C7=CC=CC=C7N8C(=O)CC(C8=O)C,MassSpecGymID0146921,CCN1C[C@]2(COC(=O)c3ccccc3N3C(=O)C[C@@H](C)C3=O)CC[C@H](OC)[C@@]34C1[C@H]2CC[C@]3(O)[C@H]1[C@H]2C[C@@H]([C@@H]2OC)[C@@H]4C[C@@H]1O,CCN1CC2(COC(=O)c3ccccc3N3C(=O)CC(C)C3=O)CCC(OC)C34C5COC6CC2(O)C(OC)CC3C6(O)C5CC14,CCN1CC2(COC(=O)c3ccccc3N3C(=O)CCCC3=O)CCC(OC)C3CC2C1C1(O)CC(OC)C2(O)CCCC3C1C2OC
COC1=C(C=CC(=C1)[C@@H]2[C@H](OC3=C(O2)C=C(C=C3)[C@@H]4[C@H](C(=O)C5=C(C=C(C=C5O4)O)O)O)CO)O,MassSpecGymID0148963,COc1cc([C@H]2CO[C@H]([C@@H]3C(=O)c4c(O)cc(O)cc4O[C@H]3c3ccc(O)c(O)c3)O2)ccc1O,COc1cc([C@H]2Oc3cc([C@@H]4Oc5cc(O)cc(OC)c5C(=O)[C@H]4O)ccc3O[C@@H]2CO)ccc1O,CC[C@@H]1Oc2ccc([C@H]3Oc4cc(O)cc(O)c4C(=O)[C@@H]3O)cc2O[C@H]1c1ccc(O)c(OC)c1
C1[C@H]([C@H](OC2=CC(=CC(=C21)O)O)C3=CC(=C(C=C3)O)O)OC(=O)C4=CC(=C(C(=C4)O)O)O,MassSpecGymID0152459,O=C(O[C@@H]1Cc2c(O)cc(O)cc2O[C@H]1c1ccc(O)c(O)c1)c1cc(O)c(O)c(O)c1,O=C(O[C@H]1C(c2ccc(O)cc2)c2c(O)cc(O)cc2O[C@H]1O)c1cc(O)c(O)c(O)c1,O=C(O[C@H]1Cc2c(c(O)cc(O)c2-c2ccc(O)cc2)O[C@@H]1O)c1cc(O)c(O)c(O)c1
CCCCC[C@H](CC(=O)NO)C(=O)N[C@@H](C(C)C)C(=O)N1CCC[C@H]1CO,MassSpecGymID0153990,CCCCCC(CC(=O)NC(=O)C(NO)C(C)C)C(=O)N1CCCC1CO,CCCCC[C@@H](CC(=O)N[C@H](C(=O)N1CCC[C@H]1CO)C(C)C)NC(=O)O,CCCCCC(CC(CC)C(=O)NCNC(=O)O)C(=O)N1CCCC1CO
C1=CC(=C[N+](=C1)C2C(C(C(O2)COP(=O)([O-])OP(=O)(O)OCC3C(C(C(O3)N4C=NC5=C(N=CN=C54)N)OP(=O)(O)O)O)O)O)C(=O)N,MassSpecGymID0199068,NC(=O)c1ccc[n+]([C@@H]2O[C@H](COP(=O)([O-])OP(=O)(O)OP(=O)(O)OCO[C@H]3[C@H](n4cnc5c(N)ncnc54)OC[C@@H]3O)[C@@H](O)[C@H]2O)c1,NC(=O)c1ccc[n+](C2CC(O)C(COP(=O)(O)OP(OO)OC3C(COP(=O)([O-])OO)OC(n4cnc5c(N)ncnc54)C3O)O2)c1,NC(=O)c1ccc[n+]([C@@H]2[C@H](O)[C@@H](OP(=O)([O-])O)[C@H]2OP(=O)(O)OP(=O)(O)OC[C@H]2O[C@H](n3cnc4c(N)ncnc43)[C@H](O)[C@@H]2O)c1
CC1=CC(=O)C2=C(C3=C(C=C(C=C3C=C2O1)OC)O[C@H]4[C@@H]([C@H]([C@@H]([C@H](O4)CO[C@H]5[C@@H]([C@H]([C@@H]([C@H](O5)CO)O)O[C@H]6[C@@H]([C@H]([C@@H]([C@H](O6)CO[C@H]7[C@@H]([C@H]([C@@H]([C@H](O7)CO)O)O)O)O)O)O)O)O)O)O)O,MassSpecGymID0203168,COc1cc(O[C@@H]2O[C@H](CO[C@@H]3O[C@H](CO[C@@H]4O[C@@H](CO)[C@@H](O)[C@H](O)[C@H]4O)[C@H](O)[C@H](O[C@@H]4O[C@H](CO)[C@@H](O)[C@H](O)[C@H]4O)[C@H]3O)[C@@H](O)[C@H]2O)c2c(O)c3c(C)cc(=O)oc3cc2c1,COc1cc(OC)c2c(=O)c(O)cc(O[C@@H]3O[C@H](CO[C@@H]4O[C@H](CO)[C@@H](O)[C@H](O)[C@H]4O)[C@H](O)[C@H](O[C@@H]4O[C@H](CO)[C@@H](O)[C@H](O[C@@H]5O[C@H](CO)[C@@H](O)[C@H](O)[C@@H]5O)[C@H]4O)[C@H]3O)cc2c1,COc1cc(OC)c2c(O)c3c(O[C@@H]4OC(CO[C@H]5O[CH]OC(CO)C5O)C(O)C(O[C@@H]5OC(CO)C(O)C(OC6OC(CO)C(O)C(O)C6O)C5O)C4O)c(C)oc3cc2c1
C1CCC(CC1)NC(=O)CN2C(=O)N3C=CN(C(=O)C3=N2)C4=CC(=CC=C4)F,MassSpecGymID0208049,O=C(Cn1nc2c(=O)n(-c3cccc(F)c3)ccn2c1=O)NC1CCCCC1,O=C(Cn1nc2c(=O)n(-c3cccc(F)c3)ccn2c1=O)NCC1CCCC1,O=C(Cn1nc2c(=O)n(-c3cccc(F)c3)ccn2c1=O)NC1CCCC1
CS(=O)(=O)N(CC(=O)N1CCCCCC1)C2=CC(=C(C=C2)Cl)C(F)(F)F,MassSpecGymID0215493,CS(=O)(=O)N(CCCC(=O)N1CCCC1)c1ccc(Cl)c(C(F)(F)F)c1,C=[SH](O)(CNc1ccc(Cl)c(C(F)(F)F)c1)C(=O)CC(=O)N1CCCC1,Cc1c(Cl)cc(C(=O)F)cc1N(C(F)(CCCF)N1CCC1)S(C)(=O)=O
CCNC1=NC2=NN=C(N2C(=N1)NCC)SCC(=O)NC3=CC=CC=C3,MassSpecGymID0218115,CCNc1nc(CC)nc2nnc(SCC(=O)NNc3ccccc3)n12,CCNc1ccc(NC(=O)CSc2nnc3nnc(CC)n3c2N)cc1,CCCNc1nnc2nnc(SCC(=O)c3ccc(NCC)cc3)n2n1
CC1=NN(C=N1)C2=NC=C(C3=C2N(C=C3C(=O)C(=O)N4CCN(CC4)C(=O)C5=CC=CC=C5)COP(=O)(O)O)OC,MassSpecGymID0219385,COc1cnc(-n2cnc(C)n2)c2c(C(=O)C(=O)N3CCN(C(=O)c4ccccc4)CC3)cn(COP(=O)(O)O)c12,COc1cnc(-n2cnc(C)n2)c2c(C(=O)C(=O)N3CCN(C(=O)c4ccccc4)C3)cn(COP(=O)(O)O)c12,COc1cnc(-n2cncn2)c2c1c(C(=O)C(=O)N1CCN(C(=O)c3ccccc3)CC1)cn2COP(=O)(O)O
C1CCN(C1)C2=C(C=CC(=C2)C(F)(F)F)CN3CCN(CC3)C(=O)OC(C(F)(F)F)C(F)(F)F,MassSpecGymID0220012,O=C(OC(C(F)(F)F)C(F)(F)F)N1CCCCN(Cc2ccc(C(F)(F)F)cc2N2CC2)CC1,O=C(OC(C(F)(F)F)C(F)(F)F)N1CCN(Cc2ccc(C(F)(F)F)cc2C2CCNC2)CC1,O=C(OC(C(F)(F)F)C(F)(F)F)N1CCC(c2ccc(C(F)(F)F)cc2N2CCNCC2)CC1
COC1=C(C(=C(C=C1)F)F)C(=O)C2=CN=C(N=C2N)NC3CCN(CC3)S(=O)(=O)C,MassSpecGymID0221343,COc1ccc(F)c(F)c1C(=O)c1cnc(NC2CCN(S(C)(=O)=O)CC2)nc1N,COc1ccc(F)c(C(=O)c2cnc(NC3CCN(S(C)(=O)=O)CC3)nc2N)c1F,COc1ccc(F)c(F)c1C(=O)c1cncnc1NNC1CCN(S(C)(=O)=O)CC1
CN1CCN(CC1)C2=CC=C(C=C2)NC3=NC=C4CN(C(=O)N(C4=N3)CC5=CC=C(C=C5)NC(=O)C=C)C6=CC(=CC(=C6)OC)OC,MassSpecGymID0221368,COc1cc(OC)cc(N2Cc3cnc(Nc4ccc(C(=[NH2+])C=C(C)[O])cc4)nc3N(c3ccc(N4CCN(C)CC4)cc3)C2=O)c1,COc1cc(OC)cc(N2C(=O)N(Cc3ccc(C(N)=CC=O)cc3)Cc3cnc(Nc4ccc(N5CCN(C)CC5)cc4)nc32)c1,C/C=C1/c2ncc(NC=O)nc2N(c2cc(OC)cc(OC)c2)C(=O)N1Cc1ccc(Nc2ccc(N3CCN(C)CC3)cc2)cc1
CNC(=O)C1=CC=C(C=C1)NC2=NC=C(C(=N2)NCC3=NC=CN=C3N(C)S(=O)(=O)C)C(F)(F)F,MassSpecGymID0221550,CNC(=O)c1ccc(Nc2nc(N(C)c3nccnc3N(C)S(C)(=O)=O)ncc2C(F)(F)F)cc1,CNS(=O)(=O)CN(CNc1nc(Nc2ccc(C(C)=O)cc2)ncc1C(F)(F)F)c1cnccn1,CNC(=O)c1ccc(Nc2ncc(C(F)(F)F)c(Cc3nccnc3N(C)S(C)(=O)=O)n2)cc1
CC1=C(C=CC=C1C2=CC(=NC(=N2)N)C3=CN(N=N3)CC4=NC(=CC=C4)C(C)(C)O)C#N,MassSpecGymID0221680,Cc1c(C#N)cccc1-n1c(-c2cn(Cc3cccc(N)n3)nn2)cc(CN2CC2)c1O,Cc1c(C#N)cccc1-c1cc2nn(Cc3cccc(CN4CC[NH+]([O-])C4)n3)cc2nn1,Cc1c(C#N)cccc1-c1cn(Cc2cc(Cc3cccc(N)n3)n[n+]([O-])c2C)nc1N
CCN1C(=CC(=N1)C2CC2)NC3=NC(=NC4=C3C5=CC(=C(C=C5N4)C6=C(ON=C6C)C)OC)C(=O)NCCCC7=C8CN(C(=O)C8=CC=C7)C9CCC(=O)NC9=O,MassSpecGymID0221882,CCn1nc(C2CC2)cc1Nc1nc(C2CC2)cc2[nH]c(C([NH+]=O)c3nc(C(=O)NCCCN4C(=O)c5cccc(OC)c5C4=O)ccc3-c3c(C)noc3C)cc12,CCn1nc(C2CC2)cc1Nc1nc(C(=O)NOC)nc2c1c(-c1c(C)noc1C)nn2CC,CCn1nc(C2CC2)cc1Nc1nc(C(=O)NCCN2C(=O)c3ccccc3C2c2c(C)noc2C)cc2[nH]c(CNOC)cc12
CN(C)C(=O)/C=C/CNCCOC1=NC=C(C=C1)/C(=C(/CC(F)(F)F)\C2=CC=CC=C2)/C3=CC4=C(NN=C4C=C3)F,MassSpecGymID0222672,CNc1ccc(-c2ccccc2)c2cc3c(OCCNCC=C(C)C(=O)C=C(F)CC(F)(F)F)n[nH]c(cn1)c-3c2,[NH-]C(CC(F)(F)F)=C(c1ccccc1)c1ccc2n[nH]c(OCCNCCNCC=CC(=O)c3ccccc3)c2c1,Cc1[nH]nc(F)c2cc(C(C)c3ccc(OCCNCC=CC(=O)[C@@](N)(CC(F)(F)F)c4ccccc4)nc3)cc1-2
CCN1C2=C3C=C(NC3=NC=C2CN(C1=O)C4=C(C(=CC(=C4F)OC)OC)F)CN5CCOCC5,MassSpecGymID0223894,COc1cc(OC)c(F)c(N2CCc3c(cnc4[nH]c(CN5CCOCC5)cc34)CNC2=O)c1F,CCN1CC2=C(c3cc([nH]c3CN3CCOCC3)N=C2)N(c2c(F)c(OC)cc(OC)c2F)C1=O,CCN(C)C(=O)C[C@]12C3=C4C(=CN=C4N3)CN1C(=O)N(CC)[C@H]2c1c(F)c(OC)cc(OC)c1F
C1CC(=O)NC(=O)C1N2CC3=C(C2=O)C=CC(=C3)CNC(=O)C(C4=CC=C(C=C4)Cl)(F)F,MassSpecGymID0225286,O=C1CCc2cc(CNC(=O)C3CC(=O)N3C(=O)C(F)(F)c3ccc(Cl)cc3)ccc2N1,O=C1CCC(C(=O)CN2CNc3cc(C(=O)C(F)(F)c4ccc(Cl)cc4)ccc3C2=O)N1,O=C1Cc2cc(C[O+]=CC(=O)N3CC[N-][C@@H]3C(=O)C(F)(F)c3ccc(Cl)cc3)ccc2N1
C1=CC(=NC=C1CC2=CNC3=C2C=C(C=N3)Cl)NCC4=CN=C(C=C4)C(F)(F)F,MassSpecGymID0225421,FC(F)(F)c1ccc(CNc2ccc(Cc3c[nH]c4ncc(Cl)cc34)cn2)cn1,FC(F)(F)c1ccc(Cc2ccc(NCc3c[nH]c4ncc(Cl)cc34)nc2)cn1,FC(F)(F)c1cnc2[nH]cc(Cc3c[nH]c4ncc(Cl)cc34)c(N3CC=CC3)c1-2
C\1N(C/C(=C/C2=CC(=C(C=C2)Cl)Cl)/C(=O)/C1=C\C3=CC(=C(C=C3)Cl)Cl)C(=O)[C@@H](N)CC4=CC=CC=C4,MassSpecGymID0225863,N[C@@H](Cc1ccccc1)C(=O)N1CC(=Cc2ccc(Cl)c(Cl)c2)C(=O)C1=Cc1ccc(Cl)c(Cl)c1,C[C@@H](N)C(=O)N1CC(=Cc2ccc(Cl)c(Cl)c2)C(=O)C(=Cc2ccc(Cl)c(Cl)c2)C1,NC(Cc1ccccc1)C(=O)N1CC(=Cc2ccc(Cl)c(Cl)c2)C(=O)C(Cl)([C](Cl)c2ccccc2)C1
